정류장번호,정류장명,위도,경도,모바일단축번호,정보수집일
GGB277101275,문막IC(미정차),37.3121667,127.82665,0,2025-10-31
GGB277101276,문막IC(미정차),37.3117667,127.82655,0,2025-10-31
GGB277101277,만종JC(미정차),37.3647833,127.9020167,0,2025-10-31
GGB277101278,만종JC(미정차),37.3653,127.9025667,0,2025-10-31
GGB277101279,만종JC(미정차),37.3649,127.9026667,0,2025-10-31
GGB277101280,만종JC(미정차),37.3653167,127.9020167,0,2025-10-31
GGB277101281,원주IC(미정차),37.401,127.9504833,0,2025-10-31
GGB277101282,원주IC(미정차),37.4008,127.9500333,0,2025-10-31
GGB277101283,원주TG(미정차),37.39875,127.9502667,0,2025-10-31
GGB277101284,원주TG(미정차),37.3987667,127.9506167,0,2025-10-31
GGB277101321,북원주IC(미정차),37.4207833,127.9233,0,2025-10-31
GGB277101322,북원주IC(미정차),37.4204333,127.9231333,0,2025-10-31
GGB277101323,원주휴게소(미정차),37.4350333,127.9301833,0,2025-10-31
GGB277101324,원주휴게소(미정차),37.4350333,127.9305333,0,2025-10-31
GGB277101339,남원주IC(미정차),37.3241333,127.9298667,0,2025-10-31
GGB277101340,남원주IC(미정차),37.3240333,127.9303333,0,2025-10-31
GGB277101341,남원주TG(미정차),37.3237833,127.9245833,0,2025-10-31
GGB277101342,남원주TG(미정차),37.3233667,127.9245833,0,2025-10-31
GGB277101343,치악휴게소(미정차),37.2556667,128.04825,0,2025-10-31
GGB277101344,치악휴게소(미정차),37.2547167,128.0492167,0,2025-10-31
GGB277101345,신림IC(미정차),37.22565,128.0874667,0,2025-10-31
GGB277101346,신림IC(미정차),37.2255833,128.0878833,0,2025-10-31
GGB277101347,신림TG(미정차),37.2332,128.0879833,0,2025-10-31
GGB277101348,신림TG(미정차),37.2333167,128.0881667,0,2025-10-31
GGB277101563,문막TG(미정차),37.31345,127.82515,0,2025-10-31
GGB277101564,문막TG(미정차),37.3136,127.82555,0,2025-10-31
GGB277103793,서원주IC(미정차),37.3943333,127.8600667,0,2025-10-31
GGB277103794,서원주IC(미정차),37.3945833,127.8604167,0,2025-10-31
GGB251500020,신림,37.2294167,128.0815667,0,2025-10-31
GGB251500050,신림,37.22945,128.0816833,0,2025-10-31
GGB251500060,원주시외버스터미널,37.3446667,127.93135,0,2025-10-31
GGB251500090,문막,37.3200833,127.8314667,0,2025-10-31
GGB251500100,문막,37.3203167,127.8323,0,2025-10-31
GGB251500130,원주시외버스터미널,37.3447333,127.9313667,0,2025-10-31
GGB251500150,신림,37.2295667,128.0817333,0,2025-10-31
GGB251500190,황둔,37.2619833,128.1904167,0,2025-10-31
GGB251500200,황둔,37.2617667,128.1928667,0,2025-10-31
GGB251500730,흥업,37.3020833,127.91985,0,2025-10-31
GGB251500740,흥업,37.3030333,127.9199167,0,2025-10-31
GGB251500750,귀래,37.1706333,127.88445,0,2025-10-31
GGB251500760,귀래,37.1706167,127.8842667,0,2025-10-31
GGB277104191,만종교차로(미정차),37.3563333,127.9015667,0,2025-10-31
GGB277104192,광터교차로(미정차),37.3410167,127.88055,0,2025-10-31
WJB258001035,입석리,37.478434,127.980632,81035,2025-10-31
WJB258001036,입석리,37.477798,127.980282,81036,2025-10-31
WJB258001037,횡성군청,37.491091,127.985437,81037,2025-10-31
WJB258001038,횡성시외버스터미널,37.486781,127.984861,81038,2025-10-31
WJB258001039,횡성여고,37.475696,127.979962,81039,2025-10-31
WJB258001040,횡성여자고등학교,37.475911,127.979784,81040,2025-10-31
WJB258001041,만세공원(구축협),37.488486,127.985852,81041,2025-10-31
WJB258001042,대산마을농촌체험관,37.419547,127.860542,81042,2025-10-31
WJB258001043,덕고개,37.489538,127.882424,81043,2025-10-31
WJB258001044,사절리,37.46034,127.844423,81044,2025-10-31
WJB258001045,서원주유소,37.348187,127.935251,81045,2025-10-31
WJB258001046,석화2리마을회관,37.47479,127.837339,81046,2025-10-31
WJB258001047,석화2리,37.472801,127.836598,81047,2025-10-31
WJB258001048,대산쉼터,37.414815,127.865789,81048,2025-10-31
WJB258001049,옥계,37.406951,127.867114,81049,2025-10-31
WJB258001050,옥계1리,37.422943,127.857633,81050,2025-10-31
WJB258001051,대산,37.421559,127.858709,81051,2025-10-31
WJB258001052,옥계1리,37.422631,127.857739,81052,2025-10-31
WJB258001053,횡성학생야영장,37.445268,127.851339,81053,2025-10-31
WJB258001054,옥계2리,37.451147,127.852157,81054,2025-10-31
WJB258001055,횡성학생야영장,37.445346,127.851254,81055,2025-10-31
WJB258001056,창촌리매남교,37.483018,127.838786,81056,2025-10-31
WJB258001057,서원초등학교,37.486568,127.851015,81057,2025-10-31
WJB258001058,창촌리매남교,37.483148,127.838756,81058,2025-10-31
WJB258001059,창촌리,37.486545,127.853882,81059,2025-10-31
WJB258001060,가담1리입구,37.480734,127.977035,81060,2025-10-31
WJB258001061,가담1리입구,37.480576,127.976608,81061,2025-10-31
WJB258001062,가담1리,37.482288,127.972511,81062,2025-10-31
WJB258001063,가담1리,37.482182,127.972567,81063,2025-10-31
WJB258001064,가담리삼밭,37.481603,127.968897,81064,2025-10-31
WJB258001065,가담리삼밭,37.48153,127.968927,81065,2025-10-31
WJB258001066,가담2리,37.480641,127.966733,81066,2025-10-31
WJB258001067,가담2리,37.480595,127.96683,81067,2025-10-31
WJB258001068,수류암로,37.478915,127.965574,81068,2025-10-31
WJB258001069,수류암로,37.478871,127.96565,81069,2025-10-31
WJB258001070,가담종점,37.475633,127.96418,81070,2025-10-31
WJB258001071,가담종점,37.475591,127.964296,81071,2025-10-31
WJB258001072,횡성농협,37.488825,127.988084,81072,2025-10-31
WJB258001073,횡성향교,37.485316,127.991833,81073,2025-10-31
WJB258001074,마산리,37.485893,127.999557,81074,2025-10-31
WJB258001075,버덩말,37.487212,128.006251,81075,2025-10-31
WJB258001076,조곡삼거리,37.490823,128.012304,81076,2025-10-31
WJB258001077,조곡리,37.493191,128.018955,81077,2025-10-31
WJB258001078,횡성폐차장,37.493887,128.025753,81078,2025-10-31
WJB258001079,웰텍횡성공장,37.493078,128.033562,81079,2025-10-31
WJB258001080,추동리,37.492811,128.037762,81080,2025-10-31
WJB258001081,추동교,37.490538,128.039246,81081,2025-10-31
WJB258001082,영영포리입구,37.50014,128.035609,81082,2025-10-31
WJB258001083,영영포리,37.503248,128.033046,81083,2025-10-31
WJB258001084,개전리,37.508029,128.019983,81084,2025-10-31
WJB258001085,개전교회,37.505028,128.01452,81085,2025-10-31
WJB258001086,개전리회관,37.501053,128.011614,81086,2025-10-31
WJB258001087,마산,37.497592,128.00095,81087,2025-10-31
WJB258001088,횡성상수도관제센터,37.495513,127.999217,81088,2025-10-31
WJB258001089,횡성읍사무소,37.492077,127.993012,81089,2025-10-31
WJB258001090,북천로타리,37.491081,127.988905,81090,2025-10-31
WJB258001091,읍하2리,37.490333,127.984336,81091,2025-10-31
WJB258001092,조곡삼거리,37.490665,128.011831,81092,2025-10-31
WJB258001093,조곡삼거리,37.490818,128.011934,81093,2025-10-31
WJB258001094,정암,37.483093,128.012136,81094,2025-10-31
WJB258001095,생운리,37.483124,128.012255,81095,2025-10-31
WJB258001096,생운리.샛담,37.479618,128.01304,81096,2025-10-31
WJB258001097,생운리.샛담,37.479704,128.013142,81097,2025-10-31
WJB258001098,정암3리,37.477576,128.017261,81098,2025-10-31
WJB258001099,정암3리,37.477666,128.017324,81099,2025-10-31
WJB258001100,정암3리,37.471585,128.022841,81100,2025-10-31
WJB258001101,정암3리,37.471605,128.022994,81101,2025-10-31
WJB258001102,정암1리,37.465779,128.029828,81102,2025-10-31
WJB258001103,정암1리,37.465778,128.029941,81103,2025-10-31
WJB258001104,정암1리.누룬,37.459558,128.033171,81104,2025-10-31
WJB258001105,정암1리.누룬,37.459575,128.033295,81105,2025-10-31
WJB258001106,정암리종점,37.461432,128.015559,81106,2025-10-31
WJB258001107,정암2리마을회관,37.457842,128.019828,81107,2025-10-31
WJB258001108,버덩말,37.488253,128.006195,81108,2025-10-31
WJB258001109,마산리,37.485994,127.999043,81109,2025-10-31
WJB258001110,횡성향교,37.485117,127.993302,81110,2025-10-31
WJB258001111,횡성농협,37.488941,127.98817,81111,2025-10-31
WJB258001112,원흥아파트,37.494609,127.981495,81112,2025-10-31
WJB258001113,원흥아파트,37.494556,127.981382,81113,2025-10-31
WJB258001114,갈풍리마을회관,37.479827,127.958825,81114,2025-10-31
WJB258001115,갈풍리마을회관,37.479759,127.958893,81115,2025-10-31
WJB258001116,갈풍리,37.480201,127.952688,81116,2025-10-31
WJB258001117,좌운종점,37.63664,128.013435,81117,2025-10-31
WJB258001118,우용종점,37.489577,128.235945,81118,2025-10-31
WJB258001119,둔지/예의촌입구,37.633861,128.007701,81119,2025-10-31
WJB258001120,둔지/예의촌입구,37.633752,128.007989,81120,2025-10-31
WJB258001121,둔지,37.630535,128.003547,81121,2025-10-31
WJB258001122,둔지,37.63039,128.003665,81122,2025-10-31
WJB258001123,좌운교,37.6282,127.995071,81123,2025-10-31
WJB258001124,좌운교,37.627984,127.995081,81124,2025-10-31
WJB258001125,상동리2,37.625974,127.991827,81125,2025-10-31
WJB251068113,서음,37.180076,127.748212,68113,2025-10-31
WJB251068114,만락,37.186941,127.744355,68114,2025-10-31
WJB251068115,검단,37.194024,127.741009,68115,2025-10-31
WJB251068116,의암,37.196741,127.741558,68116,2025-10-31
WJB251068117,덕고개,37.337941,127.882301,68117,2025-10-31
WJB251068118,광명 식물원,37.361048,127.907397,68118,2025-10-31
WJB251068119,봉미마을,37.333556,127.891449,68119,2025-10-31
WJB251068120,후동,37.332007,127.886942,68120,2025-10-31
WJB251068121,보통리,37.335517,127.86304,68121,2025-10-31
WJB251068122,문막양궁장입구,37.33414,127.857269,68122,2025-10-31
WJB251068123,동화골,37.325134,127.842796,68123,2025-10-31
WJB251068124,정산교,37.170965,127.774316,68124,2025-10-31
WJB251068125,개나루,37.298128,127.815207,68125,2025-10-31
WJB251068126,문막동보렉스아파트,37.321287,127.833225,68126,2025-10-31
WJB251068128,시무리,37.294207,127.814963,68128,2025-10-31
WJB251068129,정산교,37.17098,127.774127,68129,2025-10-31
WJB251068130,후용2리,37.270673,127.799021,68130,2025-10-31
WJB251068131,후용용수,37.268184,127.797725,68131,2025-10-31
WJB251068132,개나루,37.298311,127.81496,68132,2025-10-31
WJB251068133,시무리,37.294206,127.81478,68133,2025-10-31
WJB251068134,후용1리,37.274827,127.80002,68134,2025-10-31
WJB251068135,신림힐링센터,37.226754,128.083484,68135,2025-10-31
WJB251068136,경동 대학교,37.264392,127.795614,68136,2025-10-31
WJB251068137,모산,37.262429,127.790197,68137,2025-10-31
WJB251068138,노숲,37.261238,127.783042,68138,2025-10-31
WJB251068139,진골,37.251992,127.776804,68139,2025-10-31
WJB251068140,유진건철,37.249228,127.772804,68140,2025-10-31
WJB251068141,노림가루개정류장,37.247447,127.767137,68141,2025-10-31
WJB251068142,새말,37.244308,127.76446,68142,2025-10-31
WJB251068143,흥호1리,37.242764,127.761478,68143,2025-10-31
WJB251068144,검단이,37.238598,127.759907,68144,2025-10-31
WJB251068145,흥창정류장,37.230197,127.756057,68145,2025-10-31
WJB251068146,흥창정류장,37.230115,127.756147,68146,2025-10-31
WJB251068147,흥원창,37.226597,127.751254,68147,2025-10-31
WJB251068148,흥호리,37.215326,127.750771,68148,2025-10-31
WJB251068149,버덩말,37.212464,127.750492,68149,2025-10-31
WJB251068150,정산2리,37.175994,127.77423,68150,2025-10-31
WJB251068151,정산2리,37.175935,127.774309,68151,2025-10-31
WJB251068152,음지말,37.181476,127.779134,68152,2025-10-31
WJB251068153,음지말,37.181481,127.77932,68153,2025-10-31
WJB251068154,거론,37.184218,127.780558,68154,2025-10-31
WJB251068155,거론,37.184158,127.780678,68155,2025-10-31
WJB251068156,중간말,37.185655,127.784568,68156,2025-10-31
WJB251068157,중간말,37.185777,127.78449,68157,2025-10-31
WJB251068158,정산3리,37.188341,127.790077,68158,2025-10-31
WJB251068159,정산3리,37.188431,127.789976,68159,2025-10-31
WJB251068160,거돈사지,37.191333,127.790655,68160,2025-10-31
WJB251068161,거돈사지,37.191128,127.790495,68161,2025-10-31
WJB251068162,광터사거리,37.340568,127.880053,68162,2025-10-31
WJB251068163,사격장입구,37.290682,127.939756,68163,2025-10-31
WJB251068164,사격장입구,37.290699,127.939849,68164,2025-10-31
WJB251068165,용수골,37.285122,127.940307,68165,2025-10-31
WJB251068166,용수골,37.285131,127.940403,68166,2025-10-31
WJB251068167,용수골,37.283873,127.940594,68167,2025-10-31
WJB251068168,용수골,37.284484,127.940472,68168,2025-10-31
WJB251068169,퇴골,37.30269,127.769138,68169,2025-10-31
WJB251068170,밤산골정류장,37.312759,127.766077,68170,2025-10-31
WJB251068171,굴바위,37.233761,127.848748,68171,2025-10-31
WJB251068172,굴바위,37.233863,127.848769,68172,2025-10-31
WJB251068173,선들,37.25049,127.861037,68173,2025-10-31
WJB251068174,선들,37.25059,127.860986,68174,2025-10-31
WJB251068175,작백,37.297837,127.79523,68175,2025-10-31
WJB251068176,남도동,37.292545,127.7917,68176,2025-10-31
WJB251068177,벌무내기,37.288354,127.785914,68177,2025-10-31
WJB251068178,뒷대전,37.285205,127.783628,68178,2025-10-31
WJB251068179,벌무내기,37.281919,127.779967,68179,2025-10-31
WJB251068180,삼사골,37.160074,127.857036,68180,2025-10-31
WJB251068181,능유마을,37.16115,127.853156,68181,2025-10-31
WJB251068182,덕은,37.157522,127.848302,68182,2025-10-31
WJB251068183,사기막,37.185124,127.817008,68183,2025-10-31
WJB251068185,세포,37.148863,127.818133,68185,2025-10-31
WJB251068186,조귀농,37.146951,127.799433,68186,2025-10-31
WJB251068187,단강앞,37.15273,127.787137,68187,2025-10-31
WJB251068188,작실리,37.155999,127.784893,68188,2025-10-31
WJB251068189,정산리,37.159251,127.783167,68189,2025-10-31
WJB251068190,정산리,37.163918,127.780087,68190,2025-10-31
WJB251068191,정산교,37.171184,127.774268,68191,2025-10-31
WJB251068192,솔미마을,37.168405,127.769293,68192,2025-10-31
WJB251068193,솔미,37.166317,127.767471,68193,2025-10-31
WJB251068194,재넘이,37.165542,127.764339,68194,2025-10-31
WJB251068195,재넘이,37.165563,127.764473,68195,2025-10-31
WJB251068196,정산4리,37.171358,127.760878,68196,2025-10-31
WJB251068197,관덕,37.178744,127.75945,68197,2025-10-31
WJB251068198,서작마을,37.181689,127.755874,68198,2025-10-31
WJB251068199,법천3리,37.189065,127.752227,68199,2025-10-31
WJB251068200,좀재,37.191256,127.753228,68200,2025-10-31
WJB251068201,산수동,37.202011,127.753616,68201,2025-10-31
WJB251068202,법천1리,37.205867,127.753452,68202,2025-10-31
WJB251068203,안말,37.207061,127.751647,68203,2025-10-31
WJB251068204,큰앤이,37.330151,127.834165,68204,2025-10-31
WJB251068205,보통리,37.335343,127.863099,68205,2025-10-31
WJB251068206,봉화산푸르지오,37.355304,127.922053,68206,2025-10-31
WJB251068207,구사,37.200253,127.869052,68207,2025-10-31
WJB251068208,구사,37.200334,127.869118,68208,2025-10-31
WJB258001126,상동제2교,37.619952,127.99215,81126,2025-10-31
WJB258001127,상동제2교,37.620321,127.992214,81127,2025-10-31
WJB258001128,상동리비닐하우스,37.615561,127.993537,81128,2025-10-31
WJB258001129,상동리비닐하우스,37.615353,127.993796,81129,2025-10-31
WJB258001130,상동리1,37.611329,127.993543,81130,2025-10-31
WJB258001131,상동리1,37.611238,127.993882,81131,2025-10-31
WJB258001132,상동제1교,37.607226,127.990837,81132,2025-10-31
WJB258001133,상동제1교,37.607347,127.991109,81133,2025-10-31
WJB258001134,비석거리,37.602356,127.99784,81134,2025-10-31
WJB258001135,비석거리,37.602608,127.997972,81135,2025-10-31
WJB258001136,석불교,37.600792,128.002321,81136,2025-10-31
WJB258001137,석불교,37.600803,128.002791,81137,2025-10-31
WJB258001138,부창교,37.596462,128.00304,81138,2025-10-31
WJB258001139,부창교,37.59642,128.0033,81139,2025-10-31
WJB258001140,부창리마을회관,37.592232,127.999387,81140,2025-10-31
WJB258001141,부창리마을회관,37.592186,127.999652,81141,2025-10-31
WJB258001142,부창리2,37.586985,127.996424,81142,2025-10-31
WJB258001143,부창리2,37.586917,127.996655,81143,2025-10-31
WJB258001144,부창리1,37.582003,127.989385,81144,2025-10-31
WJB258001145,부창리1,37.581876,127.98956,81145,2025-10-31
WJB258001146,가곡교,37.575654,127.989197,81146,2025-10-31
WJB258001147,가곡교,37.575621,127.989491,81147,2025-10-31
WJB258001148,가곡보건진료소,37.571843,127.985525,81148,2025-10-31
WJB258001149,가곡보건진료소,37.571842,127.985808,81149,2025-10-31
WJB258001150,가곡리.매실,37.568519,127.985006,81150,2025-10-31
WJB258001151,가곡리.매실,37.568392,127.985243,81151,2025-10-31
WJB258001152,삼배리마을회관,37.56509,127.9826,81152,2025-10-31
WJB258001153,삼배리마을회관,37.565085,127.982939,81153,2025-10-31
WJB258001154,청곡1리,37.557866,127.97927,81154,2025-10-31
WJB258001155,청곡1리,37.557676,127.979455,81155,2025-10-31
WJB258001156,청곡교,37.557981,127.976607,81156,2025-10-31
WJB258001157,청곡교,37.557827,127.976648,81157,2025-10-31
WJB258001158,청곡2리,37.551762,127.974227,81158,2025-10-31
WJB258001159,청곡2리,37.551666,127.974469,81159,2025-10-31
WJB258001160,청곡입구,37.54947,127.970363,81160,2025-10-31
WJB258001161,청곡입구,37.549294,127.970498,81161,2025-10-31
WJB258001162,학담1리,37.539798,127.964272,81162,2025-10-31
WJB258001163,학담1리,37.540081,127.965037,81163,2025-10-31
WJB258001164,공근면복지회관,37.534862,127.96271,81164,2025-10-31
WJB258001165,공근면복지회관,37.53478,127.962999,81165,2025-10-31
WJB258001166,공근제일교회,37.530697,127.961825,81166,2025-10-31
WJB258001167,공근제일교회,37.530691,127.962124,81167,2025-10-31
WJB258001168,신촌리,37.515433,127.952589,81168,2025-10-31
WJB258001169,신촌리,37.515489,127.952895,81169,2025-10-31
WJB258001170,학곡2리,37.506689,127.954826,81170,2025-10-31
WJB258001171,학곡2리,37.506725,127.954945,81171,2025-10-31
WJB258001172,학곡1리,37.502175,127.958891,81172,2025-10-31
WJB258001173,학곡1리,37.501871,127.959633,81173,2025-10-31
WJB258001174,학곡1리마을회관,37.498514,127.964472,81174,2025-10-31
WJB258001175,학곡1리마을회관,37.498655,127.964631,81175,2025-10-31
WJB258001176,승안,37.313478,127.885709,81176,2025-10-31
WJB258001177,병지방1리,37.600161,128.095229,81177,2025-10-31
WJB258001178,병지방1리,37.600372,128.094672,81178,2025-10-31
WJB258001179,절바위골종점,37.562851,128.198285,81179,2025-10-31
WJB258001180,절바위골종점,37.56289,128.197738,81180,2025-10-31
WJB258001181,한남대자연관광농원,37.535996,128.192369,81181,2025-10-31
WJB258001182,한남대자연관광농원,37.535819,128.191835,81182,2025-10-31
WJB258001183,옥계1리,37.423335,127.857232,81183,2025-10-31
WJB258001184,옥계1리,37.423905,127.85715,81184,2025-10-31
WJB258001185,우천약국,37.460225,128.064377,81185,2025-10-31
WJB258001186,횡성IT밸리,37.527209,127.915499,81186,2025-10-31
WJB258001187,횡성시외버스터미널,37.487316,127.983761,81187,2025-10-31
WJB258001188,소사4리,37.463381,128.1377,81188,2025-10-31
WJB258001189,현천고등학교,37.48532,128.171788,81189,2025-10-31
WJB258001190,현천고등학교,37.485153,128.171606,81190,2025-10-31
WJB258001191,상대리,37.452778,128.095753,81191,2025-10-31
WJB258001193,상대리,37.452755,128.095611,81193,2025-10-31
WJB258001194,횡성휴게소,37.462363,128.133978,81194,2025-10-31
WJB258001195,횡성휴게소,37.46245,128.134016,81195,2025-10-31
WJB258001196,소사4리,37.463303,128.138045,81196,2025-10-31
WJB258001197,소사4리마을회관,37.463131,128.139883,81197,2025-10-31
WJB258001198,소사4리마을회관,37.463248,128.139931,81198,2025-10-31
WJB258001199,소사마을,37.458233,128.152312,81199,2025-10-31
WJB258001200,소사마을,37.458271,128.152104,81200,2025-10-31
WJB258001201,소사2리,37.463757,128.153913,81201,2025-10-31
WJB258001202,소사2리,37.463801,128.153852,81202,2025-10-31
WJB258001203,하나코스,37.475665,128.156573,81203,2025-10-31
WJB258001204,하나코스,37.475643,128.156458,81204,2025-10-31
WJB258001205,현천리소나무,37.478291,128.157821,81205,2025-10-31
WJB258001206,현천리소나무,37.478321,128.157752,81206,2025-10-31
WJB258001207,현천삼거리,37.485384,128.163719,81207,2025-10-31
WJB258001208,현천삼거리,37.48546,128.163752,81208,2025-10-31
WJB258001209,현천2리,37.489064,128.178236,81209,2025-10-31
WJB258001210,현천2리,37.489179,128.178174,81210,2025-10-31
WJB258001211,현천리,37.491313,128.188013,81211,2025-10-31
WJB258001212,현천리,37.491404,128.188058,81212,2025-10-31
WJB258001213,현천1리,37.491135,128.192402,81213,2025-10-31
WJB258001214,현천1리,37.491206,128.192453,81214,2025-10-31
WJB258001215,경림아파트,37.510763,128.210823,81215,2025-10-31
WJB258001216,경림아파트,37.51078,128.210636,81216,2025-10-31
WJB258001217,정지들,37.464159,128.157528,81217,2025-10-31
WJB240000001,삼산2리(솔치),37.385553,127.76745,92001,2025-10-31
WJB240000002,창말고새기,37.409077,127.7501,92002,2025-10-31
WJB240000003,쌍학리(안골),37.413451,127.753796,92003,2025-10-31
WJB240000004,양동역,37.419114,127.754063,92004,2025-10-31
WJB240000005,양동역,37.419539,127.753821,92005,2025-10-31
WJB240000006,면사무소앞,37.42481,127.751771,92006,2025-10-31
WJB240000007,삼산2리(솔치),37.38557,127.767579,92007,2025-10-31
WJB240000008,삼산3리,37.401201,127.764757,92008,2025-10-31
WJB240000009,삼산3리(농고앞),37.403363,127.760366,92009,2025-10-31
WJB240000010,쌍학리(안골),37.41358,127.75398,92010,2025-10-31
WJB240000011,창말고새기,37.408933,127.750236,92011,2025-10-31
WJB240000012,활거리,37.405905,127.748659,92012,2025-10-31
WJB240000013,활삼거리,37.405738,127.748831,92013,2025-10-31
WJB240000014,삼산2리(배내),37.394033,127.777512,14,2025-10-31
WJB240000015,삼산3리,37.40117,127.764406,92015,2025-10-31
WJB240000016,삼산2리(배내),37.393985,127.777584,16,2025-10-31
WJB251000004,둔둔2리,37.440998,127.989874,10104,2025-10-31
WJB251000005,포진2리,37.284508,127.813682,10105,2025-10-31
WJB251000008,사두정류장,37.219749,127.869127,10108,2025-10-31
WJB251000010,연세대(귀래방면),37.281564,127.902064,10110,2025-10-31
WJB251000012,상용곡종점,37.461198,127.890578,10111,2025-10-31
WJB251000013,대둔리,37.276253,127.771258,10112,2025-10-31
WJB251000014,등안리,37.325789,127.816779,10113,2025-10-31
WJB251000016,샘골종점,37.453955,127.938367,10115,2025-10-31
WJB251000017,대덕마을,37.424827,127.940364,10116,2025-10-31
WJB251000018,밤산골정류장,37.313184,127.765994,10117,2025-10-31
WJB251000020,안국선원,37.361173,127.993711,10119,2025-10-31
WJB251000021,벌새터,37.323194,127.794944,10120,2025-10-31
WJB251000022,당우,37.155076,127.833304,10121,2025-10-31
WJB251000023,지둔앞,37.154394,127.839549,10122,2025-10-31
WJB251000024,은포마을,37.158682,127.860976,10123,2025-10-31
WJB251000025,용암말,37.174746,127.883298,10124,2025-10-31
WJB251000026,웃한치,37.177734,127.884067,10125,2025-10-31
WJB251000027,대동마을,37.184477,127.883618,10126,2025-10-31
WJB251000028,유현마을,37.188029,127.884027,10127,2025-10-31
WJB251000029,웃작실,37.169017,127.794476,10128,2025-10-31
WJB251000032,사기막,37.185308,127.817044,10131,2025-10-31
WJB251000039,오얏골,37.341608,127.850249,10138,2025-10-31
WJB251000045,가현동,37.386021,127.945142,10142,2025-10-31
WJB251000046,농심창고,37.32473,127.965996,10143,2025-10-31
WJB251000047,고산낚시터,37.467054,127.917799,10144,2025-10-31
WJB251000048,하늘마루펜션앞,37.469665,127.91812,10145,2025-10-31
WJB251000049,선바위농원,37.473669,127.919438,10146,2025-10-31
WJB251000050,선바위,37.477094,127.919624,10147,2025-10-31
WJB251000051,동막종점,37.467669,127.933431,10148,2025-10-31
WJB251000052,웃골,37.387538,127.92149,10149,2025-10-31
WJB251000054,능골종점,37.362192,127.984736,10151,2025-10-31
WJB251000056,삼보골,37.317041,127.986988,10153,2025-10-31
WJB251000057,흥양2리,37.381675,127.996201,10154,2025-10-31
WJB251000058,한라대학교(교내),37.303146,127.909884,10155,2025-10-31
WJB251000060,승안,37.313269,127.88506,10157,2025-10-31
WJB251000061,고청,37.229896,127.853254,10158,2025-10-31
WJB251000065,귀래3리,37.219157,127.869353,10162,2025-10-31
WJB251000071,벽산아파트,37.350347,127.933446,10168,2025-10-31
WJB251000072,건등리,37.319175,127.831346,10169,2025-10-31
WJB251000081,대안리,37.27228,127.878461,10178,2025-10-31
WJB251000083,성문사입구,37.33962,128.008794,10180,2025-10-31
WJB251000084,미래고,37.340708,128.0065,10181,2025-10-31
WJB251000087,연화사,37.438678,127.978332,10184,2025-10-31
WJB251068209,신촌,37.379836,127.892985,68209,2025-10-31
WJB251068210,삼보골,37.317011,127.986804,68210,2025-10-31
WJB251068211,매호마을,37.416884,127.892795,68211,2025-10-31
WJB251068212,마을회관앞,37.415839,127.883298,68212,2025-10-31
WJB251068213,안골,37.42551,127.894083,68213,2025-10-31
WJB251068214,주산1리,37.408322,127.928466,68214,2025-10-31
WJB251068215,하차면,37.361221,127.897955,68215,2025-10-31
WJB251068216,차면리,37.369242,127.895327,68216,2025-10-31
WJB251068217,상무곡,37.375929,127.894335,68217,2025-10-31
WJB251068218,신평2리,37.384606,127.891239,68218,2025-10-31
WJB251068219,간무곡,37.392487,127.894459,68219,2025-10-31
WJB251068220,고여대앞,37.397232,127.89109,68220,2025-10-31
WJB251068221,고여대,37.399368,127.891967,68221,2025-10-31
WJB251068222,무장1리,37.403033,127.892988,68222,2025-10-31
WJB251068223,무장1리,37.403064,127.892893,68223,2025-10-31
WJB251068224,생담,37.408067,127.895864,68224,2025-10-31
WJB251068225,장포암,37.410423,127.89348,68225,2025-10-31
WJB251068226,무장2리,37.414139,127.895478,68226,2025-10-31
WJB251068227,장포,37.419909,127.898219,68227,2025-10-31
WJB251068228,장포,37.420061,127.898908,68228,2025-10-31
WJB251068229,장포,37.419497,127.902383,68229,2025-10-31
WJB251068230,문화마을,37.415223,127.923956,68230,2025-10-31
WJB251068231,중방마을,37.402126,127.932251,68231,2025-10-31
WJB251068232,가현교,37.395606,127.93673,68232,2025-10-31
WJB251068233,가현교,37.395723,127.936629,68233,2025-10-31
WJB251068234,가현종점,37.393931,127.939963,68234,2025-10-31
WJB251068236,차면리,37.364536,127.897114,68236,2025-10-31
WJB251068237,상무곡,37.375904,127.894175,68237,2025-10-31
WJB251068239,약수터,37.383349,127.961426,68239,2025-10-31
WJB251068240,송문사거리,37.380418,127.972598,68240,2025-10-31
WJB251068241,송문사거리,37.380324,127.972768,68241,2025-10-31
WJB251068242,부론,37.208384,127.751233,68242,2025-10-31
WJB251068243,양삿,37.212788,127.752814,68243,2025-10-31
WJB251068244,양삿,37.212928,127.752894,68244,2025-10-31
WJB251068245,도시랭이,37.212361,127.762691,68245,2025-10-31
WJB251068246,장뜰교,37.213654,127.765457,68246,2025-10-31
WJB251068247,새터말,37.220806,127.771513,68247,2025-10-31
WJB251068248,잣나무골,37.227554,127.782815,68248,2025-10-31
WJB251068249,잣나무골,37.227653,127.782731,68249,2025-10-31
WJB251068250,퉁점교,37.224901,127.793795,68250,2025-10-31
WJB251068251,송정,37.221284,127.799598,68251,2025-10-31
WJB251068252,구만이종점,37.220045,127.816871,68252,2025-10-31
WJB251068253,손곡2리,37.222933,127.812037,68253,2025-10-31
WJB251068254,손곡2리정류장,37.225001,127.81049,68254,2025-10-31
WJB251068255,새말,37.232273,127.803017,68255,2025-10-31
WJB251068256,새말,37.232371,127.803097,68256,2025-10-31
WJB251068257,알산골,37.234602,127.798111,68257,2025-10-31
WJB251068258,가현종점,37.396773,127.93813,68258,2025-10-31
WJB251068259,가현종점,37.396851,127.93819,68259,2025-10-31
WJB251068261,우미린아파트,37.327547,127.930291,68261,2025-10-31
WJB251068262,우미린아파트,37.326754,127.930745,68262,2025-10-31
WJB251068263,메가박스,37.328522,127.985891,68263,2025-10-31
WJB251068264,메가박스,37.327864,127.98574,68264,2025-10-31
WJB251068265,미리내도서관,37.325839,127.983019,68265,2025-10-31
WJB251068266,미리내도서관,37.325477,127.983067,68266,2025-10-31
WJB251068268,원주공항,37.460107,127.975276,68268,2025-10-31
WJB251068269,원주공항,37.459645,127.975894,68269,2025-10-31
WJB251068271,부영아파트,37.33084,127.927532,68271,2025-10-31
WJB251068272,유만동,37.320361,127.973049,68272,2025-10-31
WJB251068274,선바위농원,37.473644,127.91962,68274,2025-10-31
WJB251068275,영랑,37.339506,127.974519,68275,2025-10-31
WJB251068276,로아노크사거리,37.340273,127.92486,68276,2025-10-31
WJB251068277,무실주공8차아파트,37.334768,127.930913,68277,2025-10-31
WJB251068278,무실주공8차아파트,37.335102,127.931008,68278,2025-10-31
WJB251068279,안국선원,37.361203,127.994131,68279,2025-10-31
WJB251068280,단석1리(작은 안골),37.406239,127.755839,68280,2025-10-31
WJB251068281,단석1리(작은 안골),37.406077,127.755731,68281,2025-10-31
WJB251068282,문막2리,37.307884,127.817141,68282,2025-10-31
WJB251068287,원주산림항공관리소,37.414979,127.913678,68287,2025-10-31
WJB251068288,원주산림항공관리소,37.414732,127.91401,68288,2025-10-31
WJB251068289,포진2리,37.285202,127.812996,68289,2025-10-31
WJB251068290,한울타리,37.349036,127.806116,68290,2025-10-31
WJB251068291,한울타리,37.349406,127.805813,68291,2025-10-31
WJB251068292,평심원,37.346876,127.812563,68292,2025-10-31
WJB251068293,능촌,37.343945,127.821952,68293,2025-10-31
WJB251068294,경동대(교내),37.265686,127.794092,68294,2025-10-31
WJB251068295,용곡교,37.447585,127.892378,68295,2025-10-31
WJB251068296,단계이안아파트,37.361218,127.934087,68296,2025-10-31
WJB251068297,반도유보라 마크브릿지,37.316902,127.969119,68297,2025-10-31
WJB251068298,백운농원,37.219637,127.805659,68298,2025-10-31
WJB251068299,간현관광지앞,37.363947,127.834745,68299,2025-10-31
WJB251068300,이운리,37.353814,127.784888,68300,2025-10-31
WJB251068301,장양리 차고지,37.419068,127.9627,68301,2025-10-31
WJB251068302,레일파크,37.363341,127.837697,68302,2025-10-31
WJB251068303,푸른숨LH9단지,37.335245,127.985507,68303,2025-10-31
WJB251068304,부영8단지,37.335937,127.985756,68304,2025-10-31
WJB251068309,덕현길입구,37.343565,127.997953,68309,2025-10-31
WJB251068310,신월랑,37.343224,128.001763,68310,2025-10-31
WJB251068311,부영1단지,37.324182,127.974244,68311,2025-10-31
WJB251068312,부영1단지,37.324402,127.973847,68312,2025-10-31
WJB251068313,혁신풍경채센텀포레,37.330874,127.979842,68313,2025-10-31
WJB251068314,혁신풍경채센텀포레,37.330948,127.979229,68314,2025-10-31
WJB251000088,우리환경,37.452175,127.978779,10185,2025-10-31
WJB251000089,석동종점,37.211755,128.055992,10186,2025-10-31
WJB251000093,성남종점,37.279706,128.085506,10190,2025-10-31
WJB251000094,가둔지,37.251439,128.083307,10191,2025-10-31
WJB251000095,성남골,37.248666,128.084921,10192,2025-10-31
WJB251000096,언당,37.24358,128.087935,10193,2025-10-31
WJB251000097,석기동,37.25262,128.119924,10194,2025-10-31
WJB251000098,물안동,37.251687,128.125862,10195,2025-10-31
WJB251000099,창촌,37.250256,128.141273,10196,2025-10-31
WJB251000100,평촌,37.248956,128.153865,10197,2025-10-31
WJB251000101,재사,37.247199,128.164159,10198,2025-10-31
WJB251000102,소야,37.254408,128.176866,10199,2025-10-31
WJB251000103,즐개들,37.261817,128.189679,10200,2025-10-31
WJB251000104,황둔,37.261839,128.192891,10201,2025-10-31
WJB251000105,송계1리,37.265666,128.205469,10202,2025-10-31
WJB251000111,유치,37.281537,128.201298,10205,2025-10-31
WJB251000112,계야강,37.284917,128.202356,10206,2025-10-31
WJB251000113,계야마을,37.29107,128.201171,10207,2025-10-31
WJB251000114,섬안이,37.294087,128.199292,10208,2025-10-31
WJB251000115,두학교앞,37.296919,128.194191,10209,2025-10-31
WJB251000127,용암 2리,37.179464,127.834976,10210,2025-10-31
WJB251000128,사제리,37.344416,127.879995,10211,2025-10-31
WJB251000129,사제리,37.343745,127.880246,10212,2025-10-31
WJB251000130,흥업사거리,37.303113,127.920028,10213,2025-10-31
WJB251000131,외동막,37.292863,127.940344,10214,2025-10-31
WJB251000132,회촌,37.255608,127.910568,10215,2025-10-31
WJB251000133,구억동,37.305514,127.933499,10216,2025-10-31
WJB251000135,유현,37.18886,127.88088,10218,2025-10-31
WJB251000136,유현,37.194003,127.878877,10219,2025-10-31
WJB251000137,약수터,37.199496,127.871688,10220,2025-10-31
WJB251000138,탑상골,37.205245,127.868072,10221,2025-10-31
WJB251000155,더덕골,37.254034,127.900342,10238,2025-10-31
WJB251000164,웃골,37.196341,127.875172,10247,2025-10-31
WJB251000165,백운전원마을,37.30058,127.936899,10248,2025-10-31
WJB251000166,안중천,37.302031,127.944304,10249,2025-10-31
WJB251000167,건너서평,37.300487,127.943734,10250,2025-10-31
WJB251000168,내동막,37.295606,127.942198,10251,2025-10-31
WJB251000169,내남송,37.307817,127.945808,10252,2025-10-31
WJB251000170,내남송,37.310723,127.943358,10253,2025-10-31
WJB251000171,원주화교소학교,37.31459,127.942074,10254,2025-10-31
WJB251000187,서평동,37.29616,127.939703,10264,2025-10-31
WJB251000192,영산마을 종점,37.448897,127.942984,10265,2025-10-31
WJB251000193,광격리입구,37.449125,127.929713,10266,2025-10-31
WJB251000198,국형사,37.334902,128.011619,10271,2025-10-31
WJB251000199,둔지들,37.312986,127.975399,10272,2025-10-31
WJB251000200,영산마을 종점,37.449022,127.942882,32079,2025-10-31
WJB251000201,작실 마을회관,37.164057,127.790732,10001,2025-10-31
WJB251000202,해삼터,37.303449,127.89303,10002,2025-10-31
WJB251000203,해삼터,37.303574,127.892941,10003,2025-10-31
WJB251000204,대안리,37.297705,127.885516,10004,2025-10-31
WJB251000205,신촌,37.29804,127.885978,10005,2025-10-31
WJB251000206,느티나무,37.295533,127.884764,10006,2025-10-31
WJB251000207,느티나무,37.295528,127.884922,10007,2025-10-31
WJB251000208,검산,37.291492,127.884258,10008,2025-10-31
WJB251000209,검산,37.291411,127.884348,10009,2025-10-31
WJB251000210,원주제재소,37.288469,127.882381,10010,2025-10-31
WJB251000211,원주제재소,37.288429,127.882488,10011,2025-10-31
WJB251000212,술산리,37.28393,127.87986,10012,2025-10-31
WJB251000213,술산,37.284033,127.880137,10013,2025-10-31
WJB251000214,술미,37.278405,127.87814,10014,2025-10-31
WJB251000215,술미,37.278401,127.878287,10015,2025-10-31
WJB251000216,대안저수지,37.27466,127.879246,10016,2025-10-31
WJB251000217,대안저수지,37.274994,127.879399,10017,2025-10-31
WJB251000218,대안리,37.272242,127.878558,10018,2025-10-31
WJB251000219,다리골,37.180564,127.920429,10019,2025-10-31
WJB251000220,다리골,37.180597,127.919562,10020,2025-10-31
WJB251000221,진밭,37.344839,127.770564,10021,2025-10-31
WJB251000222,진밭,37.34406,127.770411,10022,2025-10-31
WJB251000223,관설동 종점,37.300581,127.982576,10023,2025-10-31
WJB251000224,관설동 종점,37.300554,127.982875,10024,2025-10-31
WJB251000225,기업도시로,37.372115,127.870087,10025,2025-10-31
WJB251000226,기업도시로,37.371895,127.869865,10026,2025-10-31
WJB251000227,의료기기종합지원센터,37.370856,127.873331,10027,2025-10-31
WJB251000228,누가베스트,37.370469,127.873924,10028,2025-10-31
WJB251000229,동부교사거리,37.318103,127.969723,10029,2025-10-31
WJB251000230,행가리,37.318076,127.915397,10030,2025-10-31
WJB251000231,약수터,37.336988,128.010187,10031,2025-10-31
WJB251000233,솔샘초등학교,37.329954,127.928693,10033,2025-10-31
WJB251000234,솔샘초등학교,37.329487,127.928441,10034,2025-10-31
WJB251000235,현대프라힐스,37.320818,127.976228,10035,2025-10-31
WJB251000236,현대프라힐스,37.320996,127.975736,10036,2025-10-31
WJB251000237,사제보건소,37.327514,127.887713,10037,2025-10-31
WJB251000238,가스충전소,37.372865,127.881962,10038,2025-10-31
WJB251000239,가스충전소,37.373047,127.881669,10039,2025-10-31
WJB251000240,네오플램,37.378102,127.892886,10040,2025-10-31
WJB251000241,네오플램,37.378159,127.890128,10041,2025-10-31
WJB251000242,상초구,37.379719,128.007683,10042,2025-10-31
WJB251000243,상초구,37.379657,128.008103,10043,2025-10-31
WJB251000244,칠봉암,37.256096,128.045408,10044,2025-10-31
WJB251000245,금창리경로당,37.243902,128.06122,10045,2025-10-31
WJB251000246,금창리경로당,37.243985,128.061415,10046,2025-10-31
WJB251000247,입춘로사거리,37.326288,127.978533,10047,2025-10-31
WJB251000248,입춘로사거리,37.326354,127.978907,10048,2025-10-31
WJB251068315,원주여자고등학교,37.334463,127.978116,68315,2025-10-31
WJB251068316,원주여자고등학교,37.334616,127.977574,68316,2025-10-31
WJB251068317,구 학성초등학교,37.353701,127.952111,68317,2025-10-31
WJB251068318,신림삼거리,37.22937,128.081695,68318,2025-10-31
WJB251068319,신림삼거리,37.230204,128.081701,68319,2025-10-31
WJB251068320,도용,37.269524,128.195517,68320,2025-10-31
WJB251068321,가마골,37.191487,127.88395,68321,2025-10-31
WJB251068322,천은사정류장,37.228999,127.896713,68322,2025-10-31
WJB251068323,철동골,37.232467,127.899603,68323,2025-10-31
WJB251068324,매지휴게소,37.240999,127.898329,68324,2025-10-31
WJB251068325,동막골,37.264205,127.903493,68325,2025-10-31
WJB251068326,동막정류장,37.219456,127.896084,68326,2025-10-31
WJB251068327,황산,37.164708,127.868342,68327,2025-10-31
WJB251068328,황산,37.164447,127.86829,68328,2025-10-31
WJB251068329,이동부락,37.177507,127.902119,68329,2025-10-31
WJB251068330,삼성동,37.324675,127.890033,68330,2025-10-31
WJB251068331,거장아파트 삼거리,37.331257,127.886481,68331,2025-10-31
WJB251068332,자감촌침례교회,37.304118,127.914581,68332,2025-10-31
WJB251068333,보통동,37.339871,127.865465,68333,2025-10-31
WJB251068334,만종가구단지,37.349981,127.897194,68334,2025-10-31
WJB251068335,석지마을입구,37.319011,127.80875,68335,2025-10-31
WJB251068336,원평마을입구,37.31715,127.812291,68336,2025-10-31
WJB251068337,문막노인복지센터,37.293158,127.780055,68337,2025-10-31
WJB251068338,취병1리,37.309376,127.801222,68338,2025-10-31
WJB251068339,포진2리,37.285147,127.813174,68339,2025-10-31
WJB251068340,넓은터,37.245896,127.838236,68340,2025-10-31
WJB251068341,비두냄이,37.254619,127.835054,68341,2025-10-31
WJB251068342,월운,37.361226,127.831103,68342,2025-10-31
WJB251068343,월운,37.351742,127.8294,68343,2025-10-31
WJB251068344,정감,37.345199,127.827587,68344,2025-10-31
WJB251068345,슬안동,37.353062,127.80027,68345,2025-10-31
WJB251068346,수청동마을앞,37.362508,127.778397,68346,2025-10-31
WJB251068347,의병봉기기념탑,37.344341,127.818341,68347,2025-10-31
WJB251068348,복거부락,37.31282,127.903589,68348,2025-10-31
WJB251068349,동부교,37.319,127.970742,68349,2025-10-31
WJB251068350,태장농공단지,37.404121,127.945153,68350,2025-10-31
WJB251068351,원주축협,37.357393,127.942799,68351,2025-10-31
WJB251068352,원주축협,37.357496,127.943016,68352,2025-10-31
WJB251068353,세인트파크,37.363431,127.961894,68353,2025-10-31
WJB251068354,작동마을,37.348564,127.851147,68354,2025-10-31
WJB251068355,작동마을,37.348846,127.851234,68355,2025-10-31
WJB251068356,새순수련원,37.36384,127.800453,68356,2025-10-31
WJB251068357,새순수련원,37.363514,127.800099,68357,2025-10-31
WJB251068358,장양삼거리,37.415964,127.962146,68358,2025-10-31
WJB251068359,KTX만종역(시내방면),37.353147,127.893148,68359,2025-10-31
WJB251068360,KTX만종역(문막방면),37.353225,127.893253,68360,2025-10-31
WJB251068363,살구나무골,37.167843,127.777876,68363,2025-10-31
WJB251068364,살구나무골,37.167827,127.777659,68364,2025-10-31
WJB251068365,농산물도매시장,37.356187,127.92359,68365,2025-10-31
WJB251068366,대성중고교,37.326441,127.920554,68366,2025-10-31
WJB251068367,대성중고교,37.326532,127.920589,68367,2025-10-31
WJB251068368,뒷대마을,37.430103,127.932643,68368,2025-10-31
WJB251068369,늘품사거리,37.328532,127.954893,68369,2025-10-31
WJB251068370,통일사거리,37.3315,127.959013,68370,2025-10-31
WJB251068371,통일사거리,37.331324,127.959109,68371,2025-10-31
WJB251068372,반곡아이파크,37.332867,127.964208,68372,2025-10-31
WJB251068373,반곡아이파크,37.332651,127.964309,68373,2025-10-31
WJB251068374,마가렛보호작업장,37.330547,127.969677,68374,2025-10-31
WJB251068375,마가렛보호작업장,37.330431,127.969486,68375,2025-10-31
WJB251068376,진양제약,37.377576,127.888725,68376,2025-10-31
WJB251068377,굴다리,37.377153,127.886716,68377,2025-10-31
WJB251068378,아시모리코리아,37.374416,127.88364,68378,2025-10-31
WJB251068379,롯데캐슬,37.377136,127.878871,68379,2025-10-31
WJB251068380,거울못공원,37.375719,127.880161,68380,2025-10-31
WJB251068381,거울못공원,37.374381,127.879493,68381,2025-10-31
WJB251068382,기업사거리,37.372676,127.872325,68382,2025-10-31
WJB251068383,인성메디컬,37.371751,127.879073,68383,2025-10-31
WJB251068384,유현느티나무,37.187927,127.883501,68384,2025-10-31
WJB251068385,거울못공원,37.374231,127.87795,68385,2025-10-31
WJB251068386,간현고개,37.344402,127.849127,68386,2025-10-31
WJB251068387,간현고개,37.344473,127.849236,68387,2025-10-31
WJB251068388,장지골,37.354759,127.799597,68388,2025-10-31
WJB251068389,장지골,37.354795,127.799737,68389,2025-10-31
WJB251068390,기업사거리,37.373309,127.872602,68390,2025-10-31
WJB251068391,사기막,37.385492,127.788971,68391,2025-10-31
WJB251068392,사기막,37.385428,127.788823,68392,2025-10-31
WJB251068396,법천,37.196662,127.75401,68396,2025-10-31
WJB251068397,법천,37.196604,127.753922,68397,2025-10-31
WJB251068398,원주경찰서,37.348192,127.956472,68398,2025-10-31
WJB251068399,롯데캐슬2차,37.377498,127.876156,68399,2025-10-31
WJB251068400,롯데캐슬2차,37.378333,127.875477,68400,2025-10-31
WJB251068401,영산성당,37.451412,127.931135,68401,2025-10-31
WJB251068402,영산성당,37.451387,127.931232,68402,2025-10-31
WJB251068403,중흥2단지,37.319142,127.974133,68403,2025-10-31
WJB251068404,뜨란채,37.333775,127.925614,68404,2025-10-31
WJB251068405,외촌,37.162408,127.883419,68405,2025-10-31
WJB251068406,외촌,37.162582,127.88356,68406,2025-10-31
WJB251068407,이편한세상,37.37303,127.949806,68407,2025-10-31
WJB251068408,이편한세상,37.372711,127.94985,68408,2025-10-31
WJB251068409,호반베르디움,37.382092,127.873866,68409,2025-10-31
WJB251068410,라온프라이빗,37.38287,127.87319,68410,2025-10-31
WJB251000251,요진보네르카운티,37.338011,127.923298,10051,2025-10-31
WJB251000252,배울마을,37.339131,127.984171,10052,2025-10-31
WJB251000253,귀래면사무소,37.170176,127.883613,10053,2025-10-31
WJB251000254,귀래면사무소,37.170065,127.884139,10054,2025-10-31
WJB251000255,국립과학수사연구원,37.329047,127.974089,10055,2025-10-31
WJB251000256,반곡관설동주민센터,37.329432,127.974085,10056,2025-10-31
WJB251000257,원주여자고등학교,37.335791,127.977789,10057,2025-10-31
WJB251000258,무실행정복지센터,37.3372,127.927619,10058,2025-10-31
WJB251000259,무실신협,37.336935,127.927668,10059,2025-10-31
WJB251000260,원주양궁장,37.332342,127.853264,10060,2025-10-31
WJB251000261,상구현,37.413985,127.803861,10061,2025-10-31
WJB251000262,상구현,37.415027,127.804206,10062,2025-10-31
WJB251000263,국민건강보험공단,37.324646,127.987641,10063,2025-10-31
WJB251000264,국민건강보험공단,37.324676,127.98729,10064,2025-10-31
WJB251000265,코아루시티,37.326959,127.984752,10065,2025-10-31
WJB251000266,코아루시티,37.327049,127.984403,10066,2025-10-31
WJB251000267,장지동,37.367886,127.800979,10067,2025-10-31
WJB251000268,장지동,37.367867,127.801072,10068,2025-10-31
WJB251000269,늘품사거리,37.328657,127.954684,10069,2025-10-31
WJB251000270,경동대학교,37.265244,127.796004,10070,2025-10-31
WJB251000271,경동대학교,37.264947,127.796156,10071,2025-10-31
WJB251011001,건등리,37.319286,127.831062,11001,2025-10-31
WJB251011002,경동대학교,37.264554,127.796458,11002,2025-10-31
WJB251011003,궁촌1리,37.274468,127.825206,11003,2025-10-31
WJB251011004,궁촌1리정류장,37.27622,127.824057,11004,2025-10-31
WJB251011005,남산교,37.331776,127.832095,11005,2025-10-31
WJB251011006,남도동,37.292441,127.791802,11006,2025-10-31
WJB251011007,넓은터,37.245896,127.838099,11007,2025-10-31
WJB251011008,대둔리,37.276483,127.771984,11008,2025-10-31
WJB251011009,덕난,37.323346,127.835936,11009,2025-10-31
WJB251011010,덕난,37.322907,127.836384,11010,2025-10-31
WJB251011011,도루코공장,37.321128,127.831074,11011,2025-10-31
WJB251011012,도루코공장,37.321274,127.831305,11012,2025-10-31
WJB251011013,동화골,37.325701,127.843821,11013,2025-10-31
WJB251011014,동화산업단지관리사무소,37.334291,127.844494,11014,2025-10-31
WJB251011015,동화산업단지관리사무소,37.334155,127.842624,11015,2025-10-31
WJB251011016,동화산업단지입구,37.333363,127.846607,11016,2025-10-31
WJB251011017,동화산업단지입구,37.333391,127.846207,11017,2025-10-31
WJB251011018,동화역,37.341781,127.859551,11018,2025-10-31
WJB251011019,동화의료기기,37.334335,127.837844,11019,2025-10-31
WJB251011020,동화의료기기,37.334208,127.835271,11020,2025-10-31
WJB251011021,동화의료기기,37.334343,127.835079,11021,2025-10-31
WJB251011022,동화의료기기,37.334158,127.837961,11022,2025-10-31
WJB251011023,만낭포,37.341008,127.854271,11023,2025-10-31
WJB251011024,뒷대전,37.285121,127.783747,11024,2025-10-31
WJB251011025,등안리,37.325879,127.817668,11025,2025-10-31
WJB251011026,만낭포,37.34071,127.853754,11026,2025-10-31
WJB251011027,만도아파트,37.329221,127.829872,11027,2025-10-31
WJB251011028,만도아파트,37.329698,127.830219,11028,2025-10-31
WJB251011029,문막공업단지,37.298715,127.804501,11029,2025-10-31
WJB251011030,문막노인복지센터,37.293213,127.780349,11030,2025-10-31
WJB251011031,문막시장,37.308303,127.816864,11031,2025-10-31
WJB251011032,문막읍사무소,37.310895,127.819677,11032,2025-10-31
WJB251011033,문막읍사무소,37.310782,127.819987,11033,2025-10-31
WJB251011034,문막주공아파트,37.316243,127.827151,11034,2025-10-31
WJB251011035,문막주공아파트,37.315954,127.827324,11035,2025-10-31
WJB251011036,물굽이앞,37.306396,127.814417,11036,2025-10-31
WJB251011037,바램이,37.269838,127.830078,11037,2025-10-31
WJB251011038,비두초등학교,37.260856,127.834384,11038,2025-10-31
WJB251011039,비두초등학교앞,37.262513,127.833804,11039,2025-10-31
WJB251011040,벌무내기,37.281815,127.780091,11040,2025-10-31
WJB251011041,벌무내기,37.288291,127.786027,11041,2025-10-31
WJB251011042,벌새터,37.323356,127.794971,11042,2025-10-31
WJB251011043,봉두개울,37.235095,127.846371,11043,2025-10-31
WJB251011044,부영아파트,37.325843,127.829104,11044,2025-10-31
WJB251011045,부영아파트,37.332371,127.926637,11045,2025-10-31
WJB251011046,비두1리,37.251111,127.835619,11046,2025-10-31
WJB251011047,비두1리,37.250718,127.835801,11047,2025-10-31
WJB251011048,비두2리,37.239008,127.844761,11048,2025-10-31
WJB251011049,비두2리,37.2338,127.846726,11049,2025-10-31
WJB251011050,비두냄이,37.254668,127.834949,11050,2025-10-31
WJB251011051,비두초등학교,37.258143,127.834397,11051,2025-10-31
WJB251011052,삼양유가공,37.32305,127.829454,11052,2025-10-31
WJB251011053,삼양유가공,37.323261,127.829486,11053,2025-10-31
WJB251011054,서들,37.268393,127.831214,11054,2025-10-31
WJB251011055,서들,37.268141,127.831292,11055,2025-10-31
WJB251011056,석지마을입구,37.318988,127.808561,11056,2025-10-31
WJB251011057,세종통신,37.335648,127.853892,11057,2025-10-31
WJB251011058,세종통신,37.335571,127.854124,11058,2025-10-31
WJB251011059,에스엔폴,37.296771,127.806606,11059,2025-10-31
WJB251011060,문막양궁장입구,37.334369,127.859189,11060,2025-10-31
WJB251011061,원주의료고등학교,37.31242,127.822555,11061,2025-10-31
WJB251011062,원주의료고등학교,37.312085,127.822406,11062,2025-10-31
WJB251011063,원평마을입구,37.317238,127.812436,11063,2025-10-31
WJB251011064,작백,37.297793,127.795286,11064,2025-10-31
WJB251011065,지샘물,37.322176,127.811674,11065,2025-10-31
WJB251011066,충효공원,37.26623,127.832352,11066,2025-10-31
WJB251011067,충효공원,37.266068,127.832314,11067,2025-10-31
WJB251011068,취병1리,37.309361,127.800787,11068,2025-10-31
WJB251011069,취병2리,37.310715,127.799809,11069,2025-10-31
WJB251068411,장포소류지,37.415125,127.908172,68411,2025-10-31
WJB251068412,장포소류지,37.41613,127.906687,68412,2025-10-31
WJB251068413,서곡삼거리앞,37.308011,127.929653,68413,2025-10-31
WJB251068414,서곡삼거리앞,37.30786,127.929971,68414,2025-10-31
WJB251068415,비두초등학교,37.262295,127.833921,68415,2025-10-31
WJB251068416,문막읍행정복지센터,37.311873,127.817938,68416,2025-10-31
WJB251068417,문막읍행정복지센터,37.312039,127.818002,68417,2025-10-31
WJB251068418,문막공단(명성산업),37.298049,127.806496,68418,2025-10-31
WJB251068419,문막공단(대한화인세라믹),37.298075,127.804169,68419,2025-10-31
WJB251068420,문막공단(공단관리사무소),37.29809,127.804013,68420,2025-10-31
WJB251068421,문막공단(토다이수),37.298087,127.806655,68421,2025-10-31
WJB251068422,대둔마을회관,37.273138,127.770208,68422,2025-10-31
WJB251068423,사자골,37.283891,127.758484,68423,2025-10-31
WJB251068424,골무네기 경로당,37.287623,127.778377,68424,2025-10-31
WJB251068425,동아 떡방앗간,37.322291,127.83601,68425,2025-10-31
WJB251068426,(주)엠제이푸드,37.320353,127.837658,68426,2025-10-31
WJB251068427,호수마을 전원주택단지입구,37.315207,127.839332,68427,2025-10-31
WJB251068428,메나교,37.312029,127.836983,68428,2025-10-31
WJB251068429,건등저수지,37.314286,127.832044,68429,2025-10-31
WJB251068430,관천교,37.317211,127.830582,68430,2025-10-31
WJB251068431,동화골삼거리,37.325132,127.845122,68431,2025-10-31
WJB251068432,동화골삼거리,37.325254,127.845048,68432,2025-10-31
WJB251068433,호적골,37.322978,127.848163,68433,2025-10-31
WJB251068434,호적골,37.322985,127.847961,68434,2025-10-31
WJB251068435,동화골 회차지,37.321606,127.851678,68435,2025-10-31
WJB251068436,동화산업단지 관리사무소,37.334344,127.842447,68436,2025-10-31
WJB251068437,마현동(상),37.343402,127.835745,68437,2025-10-31
WJB251068438,마현동(상),37.343384,127.835592,68438,2025-10-31
WJB251068439,마현동(하),37.345025,127.840257,68439,2025-10-31
WJB251068440,새잔말,37.343869,127.842268,68440,2025-10-31
WJB251068441,경장동,37.344457,127.844307,68441,2025-10-31
WJB251068442,경장동,37.34459,127.844373,68442,2025-10-31
WJB251068443,선비마을 경로당,37.276097,127.826882,68443,2025-10-31
WJB251068444,선비마을 회차지,37.276944,127.831073,68444,2025-10-31
WJB251068445,범파정사거리,37.313062,127.904781,68445,2025-10-31
WJB251068446,사제 광터회관,37.344299,127.879914,68446,2025-10-31
WJB251068447,흥업면사무소,37.302604,127.920578,68447,2025-10-31
WJB251068448,마현동(하),37.345106,127.84024,68448,2025-10-31
WJB251068449,새잔말,37.343865,127.84246,68449,2025-10-31
WJB251068450,선비마을 경로당,37.276059,127.826972,68450,2025-10-31
WJB251068451,이지더원,37.381696,127.870868,68451,2025-10-31
WJB251068452,롯데캐슬골드파크2차,37.381731,127.871295,68452,2025-10-31
WJB251068453,문막,37.319649,127.830426,68453,2025-10-31
WJB251068454,문막,37.320571,127.832707,68454,2025-10-31
WJB251068455,태봉2교,37.383516,127.959713,68455,2025-10-31
WJB251068456,봉장마을,37.396332,127.934118,68456,2025-10-31
WJB251068457,은성글로벌,37.37424,127.882183,68457,2025-10-31
WJB251068458,인성메디컬,37.371497,127.879511,68458,2025-10-31
WJB251068459,반도유보라2단지,37.374749,127.871142,68459,2025-10-31
WJB251068460,반도유보라1단지,37.373466,127.869747,68460,2025-10-31
WJB251068461,롯데캐슬 골드파크,37.377491,127.870407,68461,2025-10-31
WJB251068462,이지더원 2차,37.377426,127.870209,68462,2025-10-31
WJB251068463,퍼스트프라자,37.37467,127.873097,68463,2025-10-31
WJB251068464,오크타운,37.37454,127.87303,68464,2025-10-31
WJB251068465,반곡이편한세상,37.338651,127.972099,68465,2025-10-31
WJB251068466,반곡이편한세상,37.338598,127.971846,68466,2025-10-31
WJB251068467,지샘물,37.322157,127.811759,68467,2025-10-31
WJB251068468,고산리 마을회관,37.450974,127.928129,68468,2025-10-31
WJB251068469,고리골,37.452752,127.988479,68469,2025-10-31
WJB251068470,섭재마을회관,37.306994,127.984824,68470,2025-10-31
WJB251068471,섭재마을회관,37.307059,127.984806,68471,2025-10-31
WJB251068472,삼보골마을회관,37.315273,127.987567,68472,2025-10-31
WJB251068473,삼보골마을회관,37.315296,127.987496,68473,2025-10-31
WJB251068474,삼보골삼거리,37.316856,127.986772,68474,2025-10-31
WJB251068475,삼보골삼거리,37.316813,127.986739,68475,2025-10-31
WJB251068477,반곡관설주민센터,37.330002,127.973196,68477,2025-10-31
WJB251068478,화실유암사거리,37.348274,127.976096,68478,2025-10-31
WJB251068479,화실유암사거리,37.348165,127.976072,68479,2025-10-31
WJB251068480,너라우들,37.398961,127.983421,68480,2025-10-31
WJB251068481,너라우들,37.398818,127.983466,68481,2025-10-31
WJB251068482,뉴스테이아파트,37.4066,127.945687,68482,2025-10-31
WJB251068483,태장119안전센터,37.401498,127.952762,68483,2025-10-31
WJB251068484,태장119안전센터,37.401372,127.952835,68484,2025-10-31
WJB251068485,갓바위,37.388454,127.967798,68485,2025-10-31
WJB251068486,갓바위,37.388511,127.967817,68486,2025-10-31
WJB251068487,살대울,37.350362,127.976707,68487,2025-10-31
WJB251068488,살대울,37.350346,127.976487,68488,2025-10-31
WJB251068489,봉산동주민센터,37.347991,127.956858,68489,2025-10-31
WJB251068490,봉산동주민센터,37.347841,127.957059,68490,2025-10-31
WJB251068491,만종1교,37.356792,127.90117,68491,2025-10-31
WJB251068492,문막시장,37.306135,127.81632,68492,2025-10-31
WJB251068493,극동아파트,37.315169,127.82266,68493,2025-10-31
WJB251068494,극동아파트,37.315278,127.822548,68494,2025-10-31
WJB251068495,합포원,37.315363,127.911905,68495,2025-10-31
WJB251068496,합포원,37.315245,127.911916,68496,2025-10-31
WJB251068497,신한아파트,37.313747,127.820079,68497,2025-10-31
WJB251068498,신한아파트,37.313612,127.820204,68498,2025-10-31
WJB251068499,중방골,37.396128,127.927625,68499,2025-10-31
WJB251068500,중방골,37.396123,127.927784,68500,2025-10-31
WJB251011070,취병2리,37.312417,127.800704,11070,2025-10-31
WJB251011071,취병리,37.304207,127.80609,11071,2025-10-31
WJB251011072,큰앤이,37.330188,127.834309,11072,2025-10-31
WJB251011073,퇴골,37.302695,127.769021,11073,2025-10-31
WJB251011074,남산교,37.331981,127.832174,11074,2025-10-31
WJB251011075,포진,37.281,127.821916,11075,2025-10-31
WJB251011076,포진2리,37.284648,127.813763,11076,2025-10-31
WJB251011077,현대차원주출고센터,37.299715,127.798626,11077,2025-10-31
WJB251011078,현대차원주출고센터,37.299306,127.797981,11078,2025-10-31
WJB251011079,현진종합개발,37.324776,127.834602,11079,2025-10-31
WJB251011080,형제주유소,37.318098,127.829949,11080,2025-10-31
WJB251011081,형제주유소앞,37.318061,127.830274,11081,2025-10-31
WJB251011082,후용1리,37.274721,127.800104,11082,2025-10-31
WJB251011083,후용2리,37.271101,127.798897,11083,2025-10-31
WJB251011084,후용용수,37.268135,127.797873,11084,2025-10-31
WJB251011085,문막새마을금고,37.308724,127.81775,11085,2025-10-31
WJB251011086,취병리,37.304303,127.806025,11086,2025-10-31
WJB251031001,mbc송신탑,37.388741,127.979847,31001,2025-10-31
WJB251031002,36사단정문,37.383724,127.967909,31002,2025-10-31
WJB251031003,고촌,37.420069,127.97496,31003,2025-10-31
WJB251031004,고촌,37.420195,127.974937,31004,2025-10-31
WJB251031005,현촌,37.420498,128.003257,31005,2025-10-31
WJB251031006,골말,37.422975,128.004351,31006,2025-10-31
WJB251031007,구룡사종점,37.405395,128.04639,31007,2025-10-31
WJB251031008,치악산관리사무소후문,37.412148,128.049464,31008,2025-10-31
WJB251031009,구룡사제1주차장,37.419033,128.051689,31009,2025-10-31
WJB251031010,국립공원사무소,37.414158,128.051189,31010,2025-10-31
WJB251031011,넉마루,37.385543,127.986472,31011,2025-10-31
WJB251031012,넉마루,37.385473,127.986519,31012,2025-10-31
WJB251031013,넉마루입구,37.386266,127.982812,31013,2025-10-31
WJB251031014,다리목,37.432308,128.011295,31014,2025-10-31
WJB251031015,다리목,37.432133,128.011304,31015,2025-10-31
WJB251031016,대동,37.432888,128.018452,31016,2025-10-31
WJB251031017,사전동 마을,37.439171,128.029282,31017,2025-10-31
WJB251031018,사전동 마을,37.439215,128.028159,31018,2025-10-31
WJB251031019,독점,37.439491,128.033227,31019,2025-10-31
WJB251031020,돌모루,37.386195,127.977641,31020,2025-10-31
WJB251031021,둔둔2리,37.440831,127.989524,31021,2025-10-31
WJB251031022,둔둔리,37.446074,127.978301,31022,2025-10-31
WJB251031023,둔둔리,37.446474,127.977631,31023,2025-10-31
WJB251031024,고리골,37.452888,127.988397,31024,2025-10-31
WJB251031025,산촌개발 체험관,37.443615,127.989756,31025,2025-10-31
WJB251031026,양지마을,37.447818,127.990049,31026,2025-10-31
WJB251031027,밤나무정(중장비시험장),37.437726,128.023982,31027,2025-10-31
WJB251031028,백교,37.429546,128.059044,31028,2025-10-31
WJB251031029,백배미,37.440565,128.043762,31029,2025-10-31
WJB251031030,소초면행정복지센터,37.417718,128.001245,31030,2025-10-31
WJB251031031,소초면행정복지센터,37.418059,128.001746,31031,2025-10-31
WJB251031032,부안동,37.414522,127.961972,31032,2025-10-31
WJB251031033,부채고개,37.414741,127.999311,31033,2025-10-31
WJB251031034,상초구,37.379235,128.005486,31034,2025-10-31
WJB251031035,상촌,37.401109,127.967392,31035,2025-10-31
WJB251031036,새섬배,37.419788,127.982087,31036,2025-10-31
WJB251031037,섬배고개,37.42353,127.964174,31037,2025-10-31
WJB251031038,섬배고개,37.423591,127.963895,31038,2025-10-31
WJB251031039,소초농협앞,37.413662,127.961453,31039,2025-10-31
WJB251031041,송문안,37.382173,127.974401,31041,2025-10-31
WJB251031042,수암4리,37.412535,127.997252,31042,2025-10-31
WJB251031043,수철마을,37.422788,128.051944,31043,2025-10-31
WJB251031044,식송,37.403025,127.993601,31044,2025-10-31
WJB251031045,수암2리,37.400221,127.990261,31045,2025-10-31
WJB251031046,수암2리,37.400816,127.990377,31046,2025-10-31
WJB251031047,식송,37.402775,127.992637,31047,2025-10-31
WJB251031048,아래대동,37.431883,128.015666,31048,2025-10-31
WJB251031049,아래대동,37.431771,128.015397,31049,2025-10-31
WJB251031050,아래황골,37.370585,127.999819,31050,2025-10-31
WJB251031051,양촌,37.421068,127.968716,31051,2025-10-31
WJB251031052,연화사,37.438663,127.978589,31052,2025-10-31
WJB251031053,영진아파트,37.410955,127.960078,31053,2025-10-31
WJB251031054,영진아파트,37.411784,127.960396,31054,2025-10-31
WJB251031055,우리환경,37.452186,127.979046,31055,2025-10-31
WJB251031056,원고개,37.439935,128.046214,31056,2025-10-31
WJB251031057,원대,37.41785,127.962519,31057,2025-10-31
WJB251031058,원대,37.41833,127.962869,31058,2025-10-31
WJB251031059,원주옻칠기공예관,37.426051,128.056294,31059,2025-10-31
WJB251031060,원증거리,37.396573,127.987814,31060,2025-10-31
WJB251031061,원증거리,37.396611,127.987501,31061,2025-10-31
WJB251031062,윗섬배,37.419233,127.991599,31062,2025-10-31
WJB251031063,의관리,37.435258,127.976687,31063,2025-10-31
WJB251031064,의관정류소,37.435096,127.976979,31064,2025-10-31
WJB251031065,이리실,37.440775,128.037576,31065,2025-10-31
WJB251031066,장양리 차고지,37.419985,127.963219,31066,2025-10-31
WJB251031067,원주성모병원,37.392898,127.984523,31067,2025-10-31
WJB251031068,원주성모병원,37.392964,127.984302,31068,2025-10-31
WJB251031069,직산교,37.379968,127.999696,31069,2025-10-31
WJB251031070,직산동,37.382171,127.996117,31070,2025-10-31
WJB251031071,천왕사,37.430623,128.009019,31071,2025-10-31
WJB251031072,치악산드림랜드,37.433669,128.05877,31072,2025-10-31
WJB251031073,치악산드림랜드,37.433576,128.058963,31073,2025-10-31
WJB251031074,장양리 차고지,37.420357,127.963514,31074,2025-10-31
WJB251031075,파인밸리,37.375331,127.996897,31075,2025-10-31
WJB251031076,하초구,37.379753,128.002469,31076,2025-10-31
WJB251068501,용암2리마을회관,37.210638,128.086446,68501,2025-10-31
WJB251068502,효다함요양원,37.43709,127.99168,68502,2025-10-31
WJB251068503,효다함요양원,37.437194,127.991878,68503,2025-10-31
WJB251068504,신성미소지움,37.324103,127.960409,68504,2025-10-31
WJB251068505,문막공업단지,37.300589,127.80199,68505,2025-10-31
WJB251068506,KBS송신소,37.359349,127.954272,68506,2025-10-31
WJB251068507,사랑간호데이케어센터,37.333252,127.952032,68507,2025-10-31
WJB251068508,유알컬쳐파크,37.358408,127.799572,68508,2025-10-31
WJB251068509,유알컬쳐파크,37.358034,127.799473,68509,2025-10-31
WJB251068510,여운터사거리,37.370294,127.875829,68510,2025-10-31
WJB251068511,여운터사거리,37.37057,127.875772,68511,2025-10-31
WJB251068512,가래머리,37.210639,128.071599,68512,2025-10-31
WJB251068513,가래머리,37.21073,128.071483,68513,2025-10-31
WJB251068514,흥양초등학교후문,37.380725,127.997937,68514,2025-10-31
WJB251068515,일정골앞,37.340266,127.771535,68515,2025-10-31
WJB251068516,일정골앞,37.340233,127.771429,68516,2025-10-31
WJB251068517,취병낚시터,37.325271,127.785771,68517,2025-10-31
WJB251068518,부딴골,37.160174,127.814994,68518,2025-10-31
WJB251068519,상부론동,37.162347,127.814589,68519,2025-10-31
WJB251068520,평장개,37.157979,127.816513,68520,2025-10-31
WJB251068521,동막골,37.17393,127.816086,68521,2025-10-31
WJB251068522,작실골,37.16545,127.813779,68522,2025-10-31
WJB251068523,아래사기막,37.176107,127.816334,68523,2025-10-31
WJB251068524,질골,37.167938,127.813444,68524,2025-10-31
WJB251068525,남원주농협,37.303279,127.918722,68525,2025-10-31
WJB251068526,모래기마을,37.360983,127.992013,68526,2025-10-31
WJB251068527,모래기마을,37.360954,127.99204,68527,2025-10-31
WJB251068528,능골,37.365884,127.980982,68528,2025-10-31
WJB251068529,능골,37.365911,127.981028,68529,2025-10-31
WJB251068530,번재소류지,37.364757,127.978191,68530,2025-10-31
WJB251068531,번재,37.363437,127.977595,68531,2025-10-31
WJB251068532,번재,37.36187,127.976939,68532,2025-10-31
WJB251068533,육판길삼거리,37.36089,127.976686,68533,2025-10-31
WJB251068534,육판길삼거리,37.360932,127.976627,68534,2025-10-31
WJB251068535,번재삼거리,37.358905,127.976866,68535,2025-10-31
WJB251068536,철다리,37.355782,127.97605,68536,2025-10-31
WJB251068537,살대울,37.352189,127.974908,68537,2025-10-31
WJB251068538,살대울모래기길사거리,37.358856,127.988492,68538,2025-10-31
WJB251068539,살대울모래기길사거리,37.358883,127.988542,68539,2025-10-31
WJB251068540,소초삼거리,37.418149,128.000853,68540,2025-10-31
WJB251068541,원대,37.422305,127.964561,68541,2025-10-31
WJB251068542,판대1리,37.379701,127.791828,68542,2025-10-31
WJB251068543,거름터,37.349611,127.997954,68543,2025-10-31
WJB251068544,섭재둔덕,37.308585,127.985604,68544,2025-10-31
WJB251068545,주막거리,37.198086,127.885071,68545,2025-10-31
WJB251068546,쏘다지기,37.374512,127.793615,68546,2025-10-31
WJB251068547,흥업자동차운전전문학원,37.31393,127.894086,68547,2025-10-31
WJB251068548,흥업자동차운전전문학원,37.314123,127.894207,68548,2025-10-31
WJB251068549,개봉교,37.345559,127.958336,68549,2025-10-31
WJB251068550,개봉교,37.345016,127.959086,68550,2025-10-31
WJB251068551,대안로입구,37.246589,127.857923,68551,2025-10-31
WJB251068552,삼광택지,37.343173,127.963277,68552,2025-10-31
WJB251068553,삼광택지,37.343531,127.963103,68553,2025-10-31
WJB251068554,건등사앞,37.324245,127.819287,68554,2025-10-31
WJB251068555,선비마을,37.277112,127.829327,68555,2025-10-31
WJB251068556,효성백년가약아파트후문,37.342885,127.971556,68556,2025-10-31
WJB251068557,효성백년가약아파트후문,37.342887,127.971751,68557,2025-10-31
WJB251068558,법등마을,37.16551,127.884549,68558,2025-10-31
WJB251068559,아래황골,37.370589,127.99965,68559,2025-10-31
WJB251068560,양지말,37.2282,127.785044,68560,2025-10-31
WJB251068561,쏘다지기,37.375099,127.793714,68561,2025-10-31
WJB251068562,동막골,37.355105,127.783343,68562,2025-10-31
WJB251068563,동막골,37.355254,127.783518,68563,2025-10-31
WJB251068564,당둔지승강장,37.307656,127.978489,68564,2025-10-31
WJB251068565,관설초등학교,37.308524,127.97688,68565,2025-10-31
WJB251068566,흥대,37.296711,127.909455,68566,2025-10-31
WJB251068567,학마을,37.304277,127.979454,68567,2025-10-31
WJB251068568,학마을,37.305382,127.977821,68568,2025-10-31
WJB251068569,웃골,37.223209,127.89537,68569,2025-10-31
WJB251068571,흥화브라운빌,37.361046,127.95655,68571,2025-10-31
WJB251068572,우산1교,37.378703,127.943003,68572,2025-10-31
WJB251068573,벽산블루밍아파트,37.338263,127.965783,68573,2025-10-31
WJB251068574,팔포마을,37.340729,127.875095,68574,2025-10-31
WJB251068575,팔포마을,37.340948,127.874977,68575,2025-10-31
WJB251068576,하현골정류장,37.234459,127.796418,68576,2025-10-31
WJB251068577,하현골정류장,37.234664,127.796623,68577,2025-10-31
WJB251068578,불근덕고개정류장,37.216094,127.766557,68578,2025-10-31
WJB251068579,불근덕고개정류장,37.216176,127.766772,68579,2025-10-31
WJB251068580,서원주역(간현방면),37.34886,127.840112,68580,2025-10-31
WJB251068581,서원주역(지정초방면),37.348987,127.840239,68581,2025-10-31
WJB251068582,행구교차로,37.344508,127.997143,68582,2025-10-31
WJB251068583,만종교차로,37.354166,127.900775,68583,2025-10-31
WJB251068584,만종교차로,37.354012,127.900797,68584,2025-10-31
WJB251068585,원주역(흥업방면)(승차전용),37.315465,127.921906,68585,2025-10-31
WJB251068586,원주역(시내방면)(승차전용),37.315463,127.922029,68586,2025-10-31
WJB251068587,봉화산벨라시티2차아파트,37.353971,127.927214,68587,2025-10-31
WJB251068588,봉화산벨라시티3차아파트,37.354047,127.926583,68588,2025-10-31
WJB251068589,한라비발디후문,37.364444,127.932522,68589,2025-10-31
WJB251068590,박건호공원,37.336866,127.922105,68590,2025-10-31
WJB251031077,하촌,37.404763,127.965492,31077,2025-10-31
WJB251031078,하촌,37.404853,127.965599,31078,2025-10-31
WJB251031079,학곡1리,37.439632,128.050523,31079,2025-10-31
WJB251031080,학곡1리,37.439466,128.050449,31080,2025-10-31
WJB251031081,학곡저수지,37.438135,128.054997,31081,2025-10-31
WJB251031082,학곡리,37.437968,128.057236,31082,2025-10-31
WJB251031083,학곡보건소앞,37.437152,128.057194,31083,2025-10-31
WJB251031084,학곡저수지,37.438323,128.055032,31084,2025-10-31
WJB251031085,학곡저수지앞,37.440291,128.053244,31085,2025-10-31
WJB251031086,현촌,37.42074,128.003197,31086,2025-10-31
WJB251031087,황골,37.365255,128.00375,31087,2025-10-31
WJB251031088,회촌,37.388813,127.979556,31088,2025-10-31
WJB251031089,흥양2리,37.381467,127.995851,31089,2025-10-31
WJB251031090,흥양교,37.378533,127.994879,31090,2025-10-31
WJB251031091,흥양교,37.378351,127.994929,31091,2025-10-31
WJB251031092,흥양삼거리,37.381818,127.972184,31092,2025-10-31
WJB251031093,흥양삼거리,37.381677,127.97218,31093,2025-10-31
WJB251032001,간무곡,37.392464,127.894353,32001,2025-10-31
WJB251032002,개전동정류장,37.459897,127.924173,32002,2025-10-31
WJB251032003,고여대,37.399372,127.89184,32003,2025-10-31
WJB251032004,고여대앞,37.397219,127.890967,32004,2025-10-31
WJB251032005,고산낚시터,37.466886,127.917691,32005,2025-10-31
WJB251032006,고산초교,37.446948,127.928591,32006,2025-10-31
WJB251032007,광격리입구,37.449005,127.929507,32007,2025-10-31
WJB251032008,대덕리,37.424881,127.938655,32008,2025-10-31
WJB251032009,대덕리입구,37.432496,127.927719,32009,2025-10-31
WJB251032010,대명원,37.361118,127.910615,32010,2025-10-31
WJB251032011,대명원,37.361371,127.911161,32011,2025-10-31
WJB251032012,대보아파트,37.353027,127.898994,32012,2025-10-31
WJB251032013,대보아파트,37.352961,127.899341,32013,2025-10-31
WJB251032014,도시가스(예비군훈련장),37.361135,127.914833,32014,2025-10-31
WJB251032015,도시가스(예비군훈련장),37.361312,127.915468,32015,2025-10-31
WJB251032016,동막,37.466465,127.932367,32016,2025-10-31
WJB251032017,동막종점,37.467325,127.933219,32017,2025-10-31
WJB251032018,마을회관앞,37.416,127.883661,32018,2025-10-31
WJB251032019,만종가구단지,37.350186,127.897017,32019,2025-10-31
WJB251032020,만종초등학교,37.356868,127.902238,32020,2025-10-31
WJB251032021,만종초등학교,37.355542,127.900782,32021,2025-10-31
WJB251032023,매호,37.421198,127.895817,32023,2025-10-31
WJB251032024,매호마을,37.416725,127.892804,32024,2025-10-31
WJB251032025,무장2리,37.414109,127.895583,32025,2025-10-31
WJB251032026,무장2리마을회관,37.417285,127.896964,32026,2025-10-31
WJB251032027,무장2리마을회관,37.417318,127.896867,32027,2025-10-31
WJB251032028,문화마을,37.415183,127.923826,32028,2025-10-31
WJB251032029,물구리,37.412781,127.876827,32029,2025-10-31
WJB251032030,물구리,37.41425,127.879689,32030,2025-10-31
WJB251032031,병골,37.45601,127.924733,32031,2025-10-31
WJB251032032,봉바위계곡,37.452568,127.891382,32032,2025-10-31
WJB251032033,봉바위계곡,37.452686,127.891112,32033,2025-10-31
WJB251032034,사랑의집,37.360107,127.919282,32034,2025-10-31
WJB251032035,산현,37.421336,127.89592,32035,2025-10-31
WJB251032036,산현,37.428382,127.893097,32036,2025-10-31
WJB251032037,산현,37.428371,127.892939,32037,2025-10-31
WJB251032038,상고산,37.452238,127.927186,32038,2025-10-31
WJB251032039,상용곡다리,37.457381,127.894334,32039,2025-10-31
WJB251032040,상용곡다리,37.457044,127.894391,32040,2025-10-31
WJB251032041,상용곡종점,37.461037,127.890542,32041,2025-10-31
WJB251032042,샘골다리입구,37.453146,127.932827,32042,2025-10-31
WJB251032043,샘골종점,37.453931,127.938446,32043,2025-10-31
WJB251032044,생담,37.408072,127.895717,32044,2025-10-31
WJB251032045,선바위,37.476992,127.919485,32045,2025-10-31
WJB251032046,송골,37.443442,127.927431,32046,2025-10-31
WJB251032047,송골앞,37.443726,127.927527,32047,2025-10-31
WJB251032048,송이골앞,37.461514,127.924883,32048,2025-10-31
WJB251032049,송정,37.394439,127.880779,32049,2025-10-31
WJB251032050,안골정류장,37.4255,127.893954,32050,2025-10-31
WJB251032051,옥산,37.429924,127.923056,32051,2025-10-31
WJB251032052,용곡마을회관,37.451926,127.888151,32052,2025-10-31
WJB251032053,장포,37.419409,127.902323,32053,2025-10-31
WJB251032054,장포,37.419945,127.898825,32054,2025-10-31
WJB251032055,장포,37.419825,127.898396,32055,2025-10-31
WJB251032056,장포암,37.410403,127.893385,32056,2025-10-31
WJB251032057,잿말,37.425602,127.93806,32057,2025-10-31
WJB251032058,정골앞,37.439895,127.926066,32058,2025-10-31
WJB251032059,정골입구,37.439803,127.925962,32059,2025-10-31
WJB251032060,주산1리,37.408386,127.928607,32060,2025-10-31
WJB251032061,주산교,37.41353,127.919549,32061,2025-10-31
WJB251032062,중방마을,37.402302,127.931756,32062,2025-10-31
WJB251032063,중방,37.401078,127.930322,32063,2025-10-31
WJB251032064,중방,37.401053,127.930152,32064,2025-10-31
WJB251032065,지촌앞,37.43577,127.92741,32065,2025-10-31
WJB251032066,칠봉,37.440548,127.889424,32066,2025-10-31
WJB251032067,칠봉유원지,37.440576,127.889054,32067,2025-10-31
WJB251032068,평촌동,37.425773,127.921397,32068,2025-10-31
WJB251032069,하늘마루펜션앞,37.469712,127.918002,32069,2025-10-31
WJB251032070,학교정류장,37.41775,127.923113,32070,2025-10-31
WJB251032071,호매곡종점,37.396797,127.922128,32071,2025-10-31
WJB251032072,호매곡종점,37.396586,127.922519,32072,2025-10-31
WJB251032073,호저낚시터,37.420515,127.921138,32073,2025-10-31
WJB251032074,호저낚시터,37.420375,127.921008,32074,2025-10-31
WJB251032075,호저농협,37.411295,127.925847,32075,2025-10-31
WJB251032076,호저농협,37.411268,127.925673,32076,2025-10-31
WJB251032077,대덕1리,37.429875,127.942193,32077,2025-10-31
WJB251068591,가늣개 잠뱅이,37.148179,127.808718,68591,2025-10-31
WJB251068592,은행정마을,37.313829,127.923752,68592,2025-10-31
WJB251068593,은행정마을,37.313591,127.923661,68593,2025-10-31
WJB251068594,연세대삼거리,37.276049,127.906993,68594,2025-10-31
WJB251068595,태봉2교,37.383646,127.959552,68595,2025-10-31
WJB251068596,진등,37.343148,127.977564,68596,2025-10-31
WJB251068597,태봉초등학교,37.38552,127.956572,68597,2025-10-31
WJB251068598,반곡중학교 정문,37.335789,127.971475,68598,2025-10-31
WJB251068599,반곡중학교 정문,37.335537,127.971543,68599,2025-10-31
WJB251068600,입춘내,37.33678,127.968014,68600,2025-10-31
WJB251068601,입춘내,37.336535,127.968205,68601,2025-10-31
WJB251068602,석경사입구,37.355855,128.00623,68602,2025-10-31
WJB251068603,한가터 주차장,37.325172,128.005118,68603,2025-10-31
WJB251068604,밤상골 앞,37.337009,127.77312,68604,2025-10-31
WJB251068605,밤상골 앞,37.337053,127.773244,68605,2025-10-31
WJB251068606,금광포란재아파트,37.376461,127.954615,68606,2025-10-31
WJB251068607,삼정백조아파트,37.380679,127.959094,68607,2025-10-31
WJB251068608,삼정백조아파트,37.380692,127.95934,68608,2025-10-31
WJB251068609,만종역 삼거리,37.353496,127.896733,68609,2025-10-31
WJB251068610,산촌개발 체험관,37.443593,127.989936,68610,2025-10-31
WJB251068611,양지마을,37.447914,127.990214,68611,2025-10-31
WJB251068612,무내미,37.170889,127.888497,68612,2025-10-31
WJB251068613,문막성당,37.310896,127.818984,68613,2025-10-31
WJB251068614,문막성당,37.310972,127.81911,68614,2025-10-31
WJB251068615,선황골,37.18126,127.884142,68615,2025-10-31
WJB251068616,선황골,37.181357,127.884284,68616,2025-10-31
WJB251068617,송계 마을회관,37.279864,128.201619,68617,2025-10-31
WJB251068618,송계 마을회관,37.279905,128.201473,68618,2025-10-31
WJB251068619,용너미,37.363116,128.00161,68619,2025-10-31
WJB251068620,요골,37.34463,127.88977,68620,2025-10-31
WJB251068621,치악체육관,37.337374,127.940747,68621,2025-10-31
WJB251068622,귀래면,37.170142,127.884743,68622,2025-10-31
WJB251068623,귀래면,37.170211,127.88462,68623,2025-10-31
WJB251068624,광산골,37.249998,127.900288,68624,2025-10-31
WJB251068625,광산골,37.250006,127.900015,68625,2025-10-31
WJB251068626,독점,37.439311,128.033032,68626,2025-10-31
WJB251068627,골말,37.422879,128.004535,68627,2025-10-31
WJB251068628,하구현,37.399989,127.794243,68628,2025-10-31
WJB251068629,하구현,37.399999,127.794451,68629,2025-10-31
WJB251068630,용너미,37.363161,128.001541,68630,2025-10-31
WJB251068631,동화마을수목원,37.316445,127.854938,68631,2025-10-31
WJB251068632,취병저수지,37.324917,127.792327,68632,2025-10-31
WJB251068633,취병저수지,37.325009,127.792175,68633,2025-10-31
WJB251068634,신동성,37.306616,127.768812,68634,2025-10-31
WJB251068635,신동성,37.306937,127.768929,68635,2025-10-31
WJB251068637,신촌,37.390626,127.883204,68637,2025-10-31
WJB251068638,신촌,37.390551,127.883165,68638,2025-10-31
WJB251068639,원주역(하차전용),37.315703,127.921817,68639,2025-10-31
WJB251068640,마재길,37.313847,127.920228,68640,2025-10-31
WJB251068641,마재길,37.314037,127.920902,68641,2025-10-31
WJB251068642,상지대(학술정보원앞),37.36935,127.929097,68642,2025-10-31
WJB251068643,상지대(예술관앞),37.371387,127.929179,68643,2025-10-31
WJB251068644,귀래리,37.226388,127.896618,68644,2025-10-31
WJB251068645,귀래리,37.226261,127.89642,68645,2025-10-31
WJB251068646,포진리슈퍼앞,37.283505,127.816598,68646,2025-10-31
WJB251068647,살대울마을,37.352296,127.981612,68647,2025-10-31
WJB251068648,살대울마을,37.352245,127.98168,68648,2025-10-31
WJB251068649,옻나무약수터,37.354669,127.984444,68649,2025-10-31
WJB251068650,옻나무약수터,37.354639,127.984522,68650,2025-10-31
WJB251068651,못골모래기삼거리,37.356833,127.98589,68651,2025-10-31
WJB251068652,못골모래기삼거리,37.356813,127.985938,68652,2025-10-31
WJB251068653,못골마을,37.356676,127.990142,68653,2025-10-31
WJB251068654,못골마을,37.35668,127.990205,68654,2025-10-31
WJB251068655,하부론동,37.154949,127.820616,68655,2025-10-31
WJB251068656,세고개삼거리,37.329218,127.84876,68656,2025-10-31
WJB251068657,세고개삼거리,37.329427,127.848497,68657,2025-10-31
WJB251068658,원주추모공원,37.334313,127.870465,68658,2025-10-31
WJB251068659,도장골,37.245459,127.89792,68659,2025-10-31
WJB251068660,구용소,37.249398,128.168458,68660,2025-10-31
WJB251068661,구용소,37.248678,128.166888,68661,2025-10-31
WJB251068662,문막복지회관,37.307677,127.816406,68662,2025-10-31
WJB251068663,추모공원,37.335731,127.868685,68663,2025-10-31
WJB251068664,아랫마을,37.367169,128.002311,68664,2025-10-31
WJB251068665,아랫마을,37.367437,128.002443,68665,2025-10-31
WJB251068666,광터교차로,37.341164,127.881425,68666,2025-10-31
WJB251068667,부론농협주유소,37.210642,127.749958,68667,2025-10-31
WJB251068668,널아웃뜰,37.397724,127.985902,68668,2025-10-31
WJB251068669,수암4리마을회관,37.412784,127.987073,68669,2025-10-31
WJB251068670,선녀골저수지,37.412765,127.974326,68670,2025-10-31
WJB251068671,선녀골,37.415452,127.965693,68671,2025-10-31
WJB251068672,간현관광지앞,37.364608,127.834945,68672,2025-10-31
WJB251068673,만종1리 마을회관,37.367212,127.915326,68673,2025-10-31
WJB251068674,우덕마을,37.356967,127.906567,68674,2025-10-31
WJB258000001,학담2리,37.526879,127.958781,80001,2025-10-31
WJB258000002,학담2리,37.52693,127.958536,80002,2025-10-31
WJB258000003,도새울교,37.55014,127.959908,80003,2025-10-31
WJB258000004,도곡리입구,37.557395,127.959643,80004,2025-10-31
WJB258000005,창봉주유소,37.566977,127.953767,80005,2025-10-31
WJB258000006,시루봉휴게소,37.575041,127.929194,80006,2025-10-31
WJB258000007,창봉리,37.574045,127.944897,80007,2025-10-31
WJB258000008,상창봉리,37.577055,127.911636,80008,2025-10-31
WJB251032078,대덕마을,37.424799,127.940525,32078,2025-10-31
WJB251033001,지촌,37.362637,127.874332,33001,2025-10-31
WJB251033002,고여대,37.362699,127.874127,33002,2025-10-31
WJB251033003,가곡1리,37.366185,127.864015,33003,2025-10-31
WJB251033004,가곡2리,37.357183,127.872666,33004,2025-10-31
WJB251033005,가곡리,37.359958,127.860157,33005,2025-10-31
WJB251033006,곤충마을,37.355437,127.843994,33006,2025-10-31
WJB251033007,광터사거리,37.341595,127.880386,33007,2025-10-31
WJB251033008,광터사거리,37.347005,127.880213,33008,2025-10-31
WJB251033009,구미,37.401492,127.87204,33009,2025-10-31
WJB251033010,노루고개,37.357043,127.844411,33010,2025-10-31
WJB251033011,노루고개,37.356726,127.844355,33011,2025-10-31
WJB251033012,노루골,37.353501,127.843987,33012,2025-10-31
WJB251033013,늑동골,37.404051,127.798916,33013,2025-10-31
WJB251033014,늑동골,37.403583,127.798696,33014,2025-10-31
WJB251033015,능촌,37.343829,127.821872,33015,2025-10-31
WJB251033016,달랑고개,37.395033,127.789039,33016,2025-10-31
WJB251033017,달랑고개,37.395143,127.788941,33017,2025-10-31
WJB251033018,도경계,37.369368,127.774307,33018,2025-10-31
WJB251033019,도경계,37.368893,127.774412,33019,2025-10-31
WJB251033020,문화마을,37.366215,127.897019,33020,2025-10-31
WJB251033021,문화마을,37.366197,127.896792,33021,2025-10-31
WJB251033022,보통동,37.33989,127.865187,33022,2025-10-31
WJB251033023,복금동,37.337645,127.869321,33023,2025-10-31
WJB251033024,복금동,37.337506,127.869689,33024,2025-10-31
WJB251033025,본동마을,37.359625,127.842816,33025,2025-10-31
WJB251033026,본동마을,37.359561,127.842666,33026,2025-10-31
WJB251033027,새말,37.244365,127.764362,33027,2025-10-31
WJB251033028,송롱,37.39168,127.788962,33028,2025-10-31
WJB251033029,송롱,37.391919,127.788787,33029,2025-10-31
WJB251033030,수청동마을앞,37.362594,127.778212,33030,2025-10-31
WJB251033031,수청마을,37.366293,127.776286,33031,2025-10-31
WJB251033032,슬안동,37.352871,127.800181,33032,2025-10-31
WJB251033033,신촌,37.379811,127.892873,33033,2025-10-31
WJB251033034,신평2리,37.385271,127.890839,33034,2025-10-31
WJB251033035,오얏골,37.341496,127.850115,33035,2025-10-31
WJB251033036,오크밸리,37.406926,127.801942,33036,2025-10-31
WJB251033037,오크밸리,37.406941,127.801781,33037,2025-10-31
WJB251033038,요동,37.347113,127.887602,33038,2025-10-31
WJB251033039,월송리,37.401696,127.874551,33039,2025-10-31
WJB251033040,월운,37.36099,127.83091,33040,2025-10-31
WJB251033041,월운,37.351593,127.829562,33041,2025-10-31
WJB251033042,의병봉기기념탑,37.34448,127.818599,33042,2025-10-31
WJB251033043,자갑동,37.351254,127.855814,33043,2025-10-31
WJB251033044,자갑동,37.353027,127.858151,33044,2025-10-31
WJB251033045,정감,37.345051,127.827792,33045,2025-10-31
WJB251033046,정감마을,37.343492,127.82562,33046,2025-10-31
WJB251033047,지정면사무소,37.361895,127.840042,33047,2025-10-31
WJB251033048,지정면사무소,37.361981,127.839584,33048,2025-10-31
WJB251033049,지정초등학교,37.347022,127.846746,33049,2025-10-31
WJB251033050,질마재,37.351145,127.873204,33050,2025-10-31
WJB251033051,차면리,37.364567,127.897262,33051,2025-10-31
WJB251033052,차면리,37.369235,127.895218,33052,2025-10-31
WJB251033053,초가삼간,37.352828,127.869946,33053,2025-10-31
WJB251033054,판대,37.377757,127.793719,33054,2025-10-31
WJB251033055,판대,37.377731,127.793541,33055,2025-10-31
WJB251033056,평심원,37.347019,127.812461,33056,2025-10-31
WJB251033057,평장동,37.36389,127.862677,33057,2025-10-31
WJB251033058,하차면,37.361228,127.897863,33058,2025-10-31
WJB251033059,홈대울,37.356648,127.862167,33059,2025-10-31
WJB251033060,홈대울,37.356551,127.862082,33060,2025-10-31
WJB251034001,세포,37.14878,127.818216,34001,2025-10-31
WJB251034002,안말,37.206934,127.751632,34002,2025-10-31
WJB251034003,조귀농,37.146849,127.799351,34003,2025-10-31
WJB251034004,조귀농,37.147038,127.802177,34004,2025-10-31
WJB251034005,조귀농,37.147161,127.802234,34005,2025-10-31
WJB251034006,노숲마을,37.260183,127.781117,34006,2025-10-31
WJB251034007,도시랭이,37.212201,127.762785,34007,2025-10-31
WJB251034008,단강앞,37.152284,127.787279,34008,2025-10-31
WJB251034009,도덕골,37.24432,127.795818,34009,2025-10-31
WJB251034010,도덕골,37.244271,127.795635,34010,2025-10-31
WJB251034011,매골,37.21869,127.769284,34011,2025-10-31
WJB251034012,매골,37.21882,127.7692,34012,2025-10-31
WJB251034013,모산,37.26234,127.790214,34013,2025-10-31
WJB251034014,버덩말,37.212453,127.750631,34014,2025-10-31
WJB251034015,벌말,37.227393,127.788464,34015,2025-10-31
WJB251034016,법천1리,37.205754,127.753347,34016,2025-10-31
WJB251034017,법천3리,37.18904,127.75233,34017,2025-10-31
WJB251034018,법천리,37.224002,127.776206,34018,2025-10-31
WJB251034019,부론,37.207946,127.749704,34019,2025-10-31
WJB251034020,부문재,37.25191,127.797327,34020,2025-10-31
WJB251034021,산수동,37.201912,127.753705,34021,2025-10-31
WJB251034022,새말,37.170525,127.844441,34022,2025-10-31
WJB251034023,새터말,37.220749,127.771707,34023,2025-10-31
WJB251034024,서작,37.176726,127.759447,34024,2025-10-31
WJB251034025,서작,37.176747,127.759278,34025,2025-10-31
WJB251034026,서작마을,37.181658,127.75574,34026,2025-10-31
WJB251034027,검단이,37.238558,127.759981,34027,2025-10-31
WJB251034028,손곡2리,37.222891,127.811901,34028,2025-10-31
WJB251034029,손곡2리정류장,37.224908,127.810432,34029,2025-10-31
WJB251034030,손곡3리,37.230528,127.805186,34030,2025-10-31
WJB251034031,손곡3리,37.23036,127.805048,34031,2025-10-31
WJB251034032,손곡리,37.229598,127.7892,34032,2025-10-31
WJB251034033,손곡리,37.23143,127.791866,34033,2025-10-31
WJB251034034,솔미,37.166267,127.767617,34034,2025-10-31
WJB258000009,상창봉마을회관,37.57812,127.903933,80009,2025-10-31
WJB258000010,시동입구,37.580999,127.897275,80010,2025-10-31
WJB258000012,상창봉마을회관,37.577578,127.904798,80012,2025-10-31
WJB258000013,상창봉리,37.576334,127.913608,80013,2025-10-31
WJB258000014,시루봉휴게소,37.574785,127.929285,80014,2025-10-31
WJB258000015,창봉리,37.573401,127.9447,80015,2025-10-31
WJB258000016,창봉주유소,37.566321,127.954051,80016,2025-10-31
WJB258000017,와이에스그린,37.56355,127.956025,80017,2025-10-31
WJB258000018,와이에스그린,37.563608,127.956271,80018,2025-10-31
WJB258000019,도곡리입구,37.558061,127.959116,80019,2025-10-31
WJB258000020,도새울교,37.550039,127.959581,80020,2025-10-31
WJB258000023,난터골,37.583171,127.879102,80023,2025-10-31
WJB258000024,난터골,37.583052,127.879096,80024,2025-10-31
WJB258000025,가두둑,37.587258,127.864646,80025,2025-10-31
WJB258000026,가두둑,37.587152,127.864758,80026,2025-10-31
WJB258000027,매산초교,37.590535,127.845493,80027,2025-10-31
WJB258000028,매산초교,37.590398,127.845718,80028,2025-10-31
WJB258000029,시동3리,37.590652,127.841721,80029,2025-10-31
WJB258000030,시동3리,37.590547,127.841814,80030,2025-10-31
WJB258000031,시동마트,37.589643,127.833671,80031,2025-10-31
WJB258000032,시동마트,37.589567,127.83384,80032,2025-10-31
WJB258000033,시동편의점,37.590459,127.830906,80033,2025-10-31
WJB258000034,시동편의점,37.590384,127.830792,80034,2025-10-31
WJB258000035,시동교회,37.592979,127.824802,80035,2025-10-31
WJB258000036,시동교회,37.592798,127.824932,80036,2025-10-31
WJB258000037,시동1리승강장,37.594167,127.82238,80037,2025-10-31
WJB258000038,시동1리승강장,37.594048,127.822266,80038,2025-10-31
WJB258000039,백달리1반,37.44377,128.067307,80039,2025-10-31
WJB258000040,치악주유소,37.441254,128.064365,80040,2025-10-31
WJB258000042,학곡리,37.437907,128.057566,80042,2025-10-31
WJB258000045,탑골,37.445526,128.072123,80045,2025-10-31
WJB258000046,백달리,37.44436,128.070477,80046,2025-10-31
WJB258000047,무쇠점,37.406068,128.046453,80047,2025-10-31
WJB258000048,구룡자동차야영장,37.409032,128.046722,80048,2025-10-31
WJB258000089,모평리마을회관,37.454964,127.9644,80089,2025-10-31
WJB258000090,모평리마을회관,37.454964,127.964495,80090,2025-10-31
WJB258000091,모평리종점,37.453594,127.964973,80091,2025-10-31
WJB258000092,반곡리,37.467187,127.961641,80092,2025-10-31
WJB258000093,반곡리,37.467136,127.961683,80093,2025-10-31
WJB258000094,남산리,37.480307,127.998737,80094,2025-10-31
WJB258000095,남산리,37.480309,127.998831,80095,2025-10-31
WJB258000096,송호대학입구,37.477044,127.996341,80096,2025-10-31
WJB258000097,송호대학,37.471907,128.00107,80097,2025-10-31
WJB258000098,청용리,37.467436,127.987246,80098,2025-10-31
WJB258000099,반곡지,37.474119,127.955693,80099,2025-10-31
WJB258000100,정암2리마을회관,37.457898,128.019793,80100,2025-10-31
WJB258000101,횡성IC,37.499282,127.971807,80101,2025-10-31
WJB258000102,횡성IC,37.499547,127.971955,80102,2025-10-31
WJB258000103,청용리,37.467406,127.98721,80103,2025-10-31
WJB258000104,조곡리,37.493295,128.01887,80104,2025-10-31
WJB258000105,횡성폐차장,37.494195,128.024856,80105,2025-10-31
WJB258000106,웰텍횡성공장,37.493199,128.033507,80106,2025-10-31
WJB258000107,추동교,37.490703,128.039449,80107,2025-10-31
WJB258000108,추동리,37.492806,128.038015,80108,2025-10-31
WJB258000109,두곡리,37.476406,128.045362,80109,2025-10-31
WJB258000110,두곡리,37.476553,128.045578,80110,2025-10-31
WJB258000111,우천중학교,37.469627,128.044946,80111,2025-10-31
WJB258000112,우천중학교,37.469532,128.044955,80112,2025-10-31
WJB258000113,문암,37.465037,128.045956,80113,2025-10-31
WJB258000114,문암,37.465067,128.046047,80114,2025-10-31
WJB258000115,셀진씨앤피,37.460354,128.048077,80115,2025-10-31
WJB258000116,셀진씨앤피,37.460327,128.048219,80116,2025-10-31
WJB258000117,법주리,37.457779,128.05188,80117,2025-10-31
WJB258000118,법주리,37.457436,128.0518,80118,2025-10-31
WJB258000119,우천농공단지,37.458605,128.05578,80119,2025-10-31
WJB258000120,우천농공단지,37.458681,128.055718,80120,2025-10-31
WJB258000121,양적리,37.460128,128.058131,80121,2025-10-31
WJB258000122,양적리,37.46006,128.058168,80122,2025-10-31
WJB258000123,우천면사무소,37.460367,128.063041,80123,2025-10-31
WJB258000124,우천면사무소,37.460398,128.063661,80124,2025-10-31
WJB258000125,우항리,37.459253,128.065611,80125,2025-10-31
WJB258000126,우항리,37.458618,128.066626,80126,2025-10-31
WJB258000127,하대리,37.453435,128.0707,80127,2025-10-31
WJB258000128,하대리,37.453292,128.070494,80128,2025-10-31
WJB258000129,새말,37.450405,128.074279,80129,2025-10-31
WJB258000130,새말,37.450258,128.074083,80130,2025-10-31
WJB258000131,새말휴게소,37.446088,128.078339,80131,2025-10-31
WJB258000132,새말휴게소,37.445722,128.078689,80132,2025-10-31
WJB258000133,오원1리마을회관,37.444326,128.081337,80133,2025-10-31
WJB258000134,오원1리마을회관,37.444063,128.08154,80134,2025-10-31
WJB258000135,보고산업,37.443475,128.085934,80135,2025-10-31
WJB258000136,보고산업,37.443424,128.086291,80136,2025-10-31
WJB258000137,오원리,37.440308,128.094557,80137,2025-10-31
WJB258000138,오원리,37.440207,128.094451,80138,2025-10-31
WJB258000139,코레스코,37.437737,128.097417,80139,2025-10-31
WJB258000140,코레스코,37.437863,128.097577,80140,2025-10-31
WJB258000141,매화산주유소,37.436562,128.098696,80141,2025-10-31
WJB258000142,매화산주유소,37.436043,128.098808,80142,2025-10-31
WJB258000143,오원저수지,37.432751,128.104654,80143,2025-10-31
WJB258000144,오원저수지,37.432718,128.104515,80144,2025-10-31
WJB258000145,전재,37.417974,128.124212,80145,2025-10-31
WJB258000146,전재,37.417868,128.124144,80146,2025-10-31
WJB251034035,솔미마을,37.168541,127.769202,34035,2025-10-31
WJB251034036,송정,37.221351,127.799694,34036,2025-10-31
WJB251034037,아래솔미,37.164915,127.766149,34037,2025-10-31
WJB251034038,아래솔미,37.164913,127.766348,34038,2025-10-31
WJB251034039,관덕정류장,37.178865,127.759504,34039,2025-10-31
WJB251034040,알산골,37.234655,127.798236,34040,2025-10-31
WJB251034041,염터소류지,37.159166,127.782928,34041,2025-10-31
WJB251034042,오리올,37.227875,127.807655,34042,2025-10-31
WJB251034043,오리올,37.227924,127.807496,34043,2025-10-31
WJB251034044,유진건철,37.249123,127.772907,34044,2025-10-31
WJB251034045,작실,37.156251,127.784908,34045,2025-10-31
WJB251034046,장뜰교,37.213568,127.765547,34046,2025-10-31
WJB251034047,정산4리,37.171383,127.760744,34047,2025-10-31
WJB251034048,정산리,37.163971,127.780249,34048,2025-10-31
WJB251034049,노림가루개정류장,37.247543,127.767026,34049,2025-10-31
WJB251034050,노림초등학교,37.25998,127.781295,34050,2025-10-31
WJB251034051,노숲,37.261138,127.783106,34051,2025-10-31
WJB251034052,좀재,37.191212,127.753327,34052,2025-10-31
WJB251034053,퉁점교앞,37.224824,127.793682,34053,2025-10-31
WJB251034054,하부론,37.154752,127.82067,34054,2025-10-31
WJB251034055,하부론,37.154961,127.820885,34055,2025-10-31
WJB251034056,진골,37.252001,127.776539,34056,2025-10-31
WJB251034057,흥원창,37.226651,127.751421,34057,2025-10-31
WJB251034058,흥호1리,37.242612,127.761503,34058,2025-10-31
WJB251034059,흥호리,37.21532,127.750894,34059,2025-10-31
WJB251034060,부론면사무소,37.207994,127.749899,34060,2025-10-31
WJB251035001,가마골,37.191599,127.883853,35001,2025-10-31
WJB251035002,고청,37.229803,127.853167,35002,2025-10-31
WJB251035003,고청,37.225425,127.860104,35003,2025-10-31
WJB251035004,고청정류장,37.222925,127.86273,35004,2025-10-31
WJB251035005,귀래2리,37.223238,127.894166,35005,2025-10-31
WJB251035006,귀래3리,37.217321,127.870249,35006,2025-10-31
WJB251035007,귀래3리,37.219155,127.869461,35007,2025-10-31
WJB251035008,귀래3리,37.217223,127.870201,35008,2025-10-31
WJB251035009,귀래정류장,37.222451,127.895299,35009,2025-10-31
WJB251035010,귀운저수지,37.227577,127.857601,35010,2025-10-31
WJB251035011,능유마을,37.161105,127.853241,35011,2025-10-31
WJB251035012,당우,37.155253,127.833234,35012,2025-10-31
WJB251035013,대동마을,37.184523,127.883747,35013,2025-10-31
WJB251035014,덕은,37.157441,127.848172,35014,2025-10-31
WJB251035015,동막정류장,37.219503,127.896221,35015,2025-10-31
WJB251035016,방아실,37.230222,127.849994,35016,2025-10-31
WJB251035017,백운령,37.217271,127.896821,35017,2025-10-31
WJB251035018,백운령,37.217516,127.896644,35018,2025-10-31
WJB251035019,버덩,37.220203,127.876736,35019,2025-10-31
WJB251035020,버덩,37.220268,127.876797,35020,2025-10-31
WJB251035021,사두정류장,37.21989,127.869015,35021,2025-10-31
WJB251035022,삼사골,37.160073,127.856964,35022,2025-10-31
WJB251035023,새말,37.363451,127.86309,35023,2025-10-31
WJB251035024,생산,37.155708,127.828794,35024,2025-10-31
WJB251035025,세포마을,37.155533,127.829191,35025,2025-10-31
WJB251035026,약수터,37.199588,127.87173,35026,2025-10-31
WJB251035027,욕골,37.163566,127.877244,35027,2025-10-31
WJB251035028,용암말,37.174725,127.883451,35028,2025-10-31
WJB251035029,운계,37.197745,127.885139,35029,2025-10-31
WJB251035030,운계리,37.20356,127.889962,35030,2025-10-31
WJB251035031,운계정류장,37.200755,127.887672,35031,2025-10-31
WJB251035032,웃골,37.196288,127.875117,35032,2025-10-31
WJB251035033,웃한치,37.177651,127.884162,35033,2025-10-31
WJB251035034,웅동경로당,37.208895,127.870692,35034,2025-10-31
WJB251035035,웅동경로당,37.208953,127.870591,35035,2025-10-31
WJB251035036,유현,37.188881,127.880949,35036,2025-10-31
WJB251035037,유현,37.193976,127.878817,35037,2025-10-31
WJB251035038,유현마을,37.187648,127.883885,35038,2025-10-31
WJB251035039,유현마을앞,37.188376,127.883881,35039,2025-10-31
WJB251035040,은포마을,37.158638,127.861151,35040,2025-10-31
WJB251035041,지둔앞,37.15451,127.839576,35041,2025-10-31
WJB251035042,천은사정류장,37.229155,127.896713,35042,2025-10-31
WJB251035043,철동골,37.232605,127.899431,35043,2025-10-31
WJB251035044,청원휴게소,37.210635,127.891404,35044,2025-10-31
WJB251035045,청원휴게소,37.211701,127.891729,35045,2025-10-31
WJB251035046,큰양안치고개,37.2359,127.89875,35046,2025-10-31
WJB251035047,큰양안치고개,37.237901,127.897851,35047,2025-10-31
WJB251035048,탑상골,37.20523,127.867969,35048,2025-10-31
WJB251035049,하남마을,37.157296,127.842819,35049,2025-10-31
WJB251035050,하남마을,37.157186,127.842966,35050,2025-10-31
WJB251035051,이동부락,37.177607,127.902224,35051,2025-10-31
WJB251035052,운남2리,37.178784,127.908412,35052,2025-10-31
WJB251035053,귀래면사무소,37.171381,127.884314,35053,2025-10-31
WJB251035054,귀래면사무소,37.170657,127.884197,35054,2025-10-31
WJB251036001,국립강릉원주대학교,37.306698,127.925854,36001,2025-10-31
WJB251036002,국립강릉원주대학교,37.306826,127.925934,36002,2025-10-31
WJB251036003,거장아파트,37.33246,127.888343,36003,2025-10-31
WJB251036004,거장아파트 삼거리,37.331292,127.886307,36004,2025-10-31
WJB251036005,광터사거리,37.340727,127.879828,36005,2025-10-31
WJB251036006,광터사거리,37.341821,127.880492,36006,2025-10-31
WJB251036007,광터사거리,37.346891,127.880334,36007,2025-10-31
WJB251036008,대사제동,37.326982,127.887593,36008,2025-10-31
WJB251036009,더덕골,37.254036,127.900501,36009,2025-10-31
WJB251036010,덕고개,37.337889,127.88215,36010,2025-10-31
WJB251036011,동막골,37.264179,127.903724,36011,2025-10-31
WJB251036012,두산위브아파트,37.292799,127.917704,36012,2025-10-31
WJB251036013,두산위브정문,37.292904,127.917417,36013,2025-10-31
WJB258000147,안흥2리,37.409233,128.137132,80147,2025-10-31
WJB258000148,안흥2리,37.409247,128.137355,80148,2025-10-31
WJB258000149,안흥리,37.408148,128.148419,80149,2025-10-31
WJB258000150,안흥리,37.408045,128.148442,80150,2025-10-31
WJB258000151,안흥중고교,37.411771,128.154123,80151,2025-10-31
WJB258000152,안흥,37.41249,128.15671,80152,2025-10-31
WJB258000153,안흥,37.41238,128.156814,80153,2025-10-31
WJB258000154,새재,37.402884,128.146074,80154,2025-10-31
WJB258000155,새재,37.402823,128.146159,80155,2025-10-31
WJB258000156,새재리,37.396634,128.145396,80156,2025-10-31
WJB258000157,새재리,37.396532,128.145376,80157,2025-10-31
WJB258000158,안흥농협벼건조저장시설,37.391927,128.151679,80158,2025-10-31
WJB258000159,안흥농협벼건조저장시설,37.391878,128.151579,80159,2025-10-31
WJB258000160,밤나무골,37.387187,128.149276,80160,2025-10-31
WJB258000161,밤나무골,37.387115,128.149357,80161,2025-10-31
WJB258000162,가천리마을회관,37.385137,128.145688,80162,2025-10-31
WJB258000163,가천리마을회관,37.384958,128.145663,80163,2025-10-31
WJB258000164,가천리,37.383526,128.142789,80164,2025-10-31
WJB258000165,가천리,37.383443,128.142841,80165,2025-10-31
WJB258000166,강림4리,37.380204,128.139623,80166,2025-10-31
WJB258000167,강림4리,37.380057,128.13936,80167,2025-10-31
WJB258000168,강림4리.수레너미입구,37.378083,128.137744,80168,2025-10-31
WJB258000169,강림4리.수레너미입구,37.378014,128.137834,80169,2025-10-31
WJB258000170,그린팜,37.374479,128.132567,80170,2025-10-31
WJB258000171,그린팜,37.374384,128.132567,80171,2025-10-31
WJB258000172,강림3리,37.368213,128.126331,80172,2025-10-31
WJB258000173,강림3리,37.36813,128.126217,80173,2025-10-31
WJB258000174,강림중학교,37.36439,128.127233,80174,2025-10-31
WJB258000175,강림중학교,37.364408,128.127366,80175,2025-10-31
WJB258000176,강림1리,37.361841,128.127905,80176,2025-10-31
WJB258000177,강림1리,37.361399,128.127595,80177,2025-10-31
WJB258000178,안흥초등학교,37.420071,128.164531,80178,2025-10-31
WJB258000179,안흥초등학교,37.420266,128.165009,80179,2025-10-31
WJB258000180,상안리.소금속골,37.414443,128.182276,80180,2025-10-31
WJB258000181,상안리.소금속골,37.414344,128.182284,80181,2025-10-31
WJB258000182,상안리.보리소골,37.414248,128.186942,80182,2025-10-31
WJB258000183,상안리.보리소골,37.414355,128.186933,80183,2025-10-31
WJB258000184,상안1리,37.41589,128.196045,80184,2025-10-31
WJB258000185,상안1리,37.415988,128.196045,80185,2025-10-31
WJB258000186,상안리,37.416158,128.200686,80186,2025-10-31
WJB258000187,상안리,37.416242,128.200668,80187,2025-10-31
WJB258000188,상안리,37.416317,128.205898,80188,2025-10-31
WJB258000189,상안리,37.416424,128.20589,80189,2025-10-31
WJB258000190,상안리.마람골,37.417282,128.210966,80190,2025-10-31
WJB258000191,상안리.마람골,37.417351,128.210938,80191,2025-10-31
WJB258000192,상안2리,37.418535,128.219866,80192,2025-10-31
WJB258000193,상안2리,37.418634,128.219876,80193,2025-10-31
WJB258000194,문재,37.418848,128.227195,80194,2025-10-31
WJB258000195,문재,37.418939,128.227176,80195,2025-10-31
WJB258000196,문재골,37.419827,128.232186,80196,2025-10-31
WJB258000197,문재골,37.419926,128.232159,80197,2025-10-31
WJB258000198,문재,37.421691,128.234406,80198,2025-10-31
WJB258000199,문재,37.425191,128.248006,80199,2025-10-31
WJB258000200,문재,37.425108,128.248043,80200,2025-10-31
WJB258000201,칡사리,37.428007,128.277922,80201,2025-10-31
WJB258000202,칡사리,37.428098,128.277923,80202,2025-10-31
WJB258000203,운교리,37.430328,128.28433,80203,2025-10-31
WJB258000204,계촌6리,37.444391,128.297146,80204,2025-10-31
WJB258000205,계촌6리,37.444074,128.296865,80205,2025-10-31
WJB258000206,방림면사무소,37.451852,128.305871,80206,2025-10-31
WJB258000207,방림면사무소,37.45199,128.305847,80207,2025-10-31
WJB258000208,계촌,37.451535,128.326523,80208,2025-10-31
WJB258000209,계촌,37.451648,128.326454,80209,2025-10-31
WJB258000210,계촌,37.448255,128.338074,80210,2025-10-31
WJB258000211,계촌,37.448202,128.33818,80211,2025-10-31
WJB258000212,계촌,37.453439,128.345599,80212,2025-10-31
WJB258000213,계촌,37.453658,128.346053,80213,2025-10-31
WJB258000214,강림초등학교,37.358561,128.122439,80214,2025-10-31
WJB258000215,강림초등학교,37.358477,128.122476,80215,2025-10-31
WJB258000216,강림2리마을회관,37.353755,128.120267,80216,2025-10-31
WJB258000217,강림2리마을회관,37.353883,128.120478,80217,2025-10-31
WJB258000218,강림2리.노구소마을,37.348072,128.115823,80218,2025-10-31
WJB258000219,강림2리.노구소마을,37.347943,128.115803,80219,2025-10-31
WJB258000220,콩깍지,37.350521,128.112369,80220,2025-10-31
WJB258000221,콩깍지,37.350461,128.112302,80221,2025-10-31
WJB258000222,부곡1리,37.333351,128.094065,80222,2025-10-31
WJB258000223,부곡1리,37.333321,128.094093,80223,2025-10-31
WJB258000224,부곡2리,37.330142,128.086215,80224,2025-10-31
WJB258000225,강림1리마을회관,37.359675,128.130178,80225,2025-10-31
WJB258000226,강림1리마을회관,37.359736,128.130207,80226,2025-10-31
WJB258000227,강림리,37.35941,128.139894,80227,2025-10-31
WJB258000228,강림리,37.359509,128.139933,80228,2025-10-31
WJB258000229,강림1리.선계,37.357843,128.14168,80229,2025-10-31
WJB258000230,강림1리.선계,37.357964,128.141709,80230,2025-10-31
WJB258000231,월현2리.간평,37.369395,128.152231,80231,2025-10-31
WJB258000232,월현2리.간평,37.369552,128.152273,80232,2025-10-31
WJB258000233,월현2리마을회관,37.353175,128.158716,80233,2025-10-31
WJB258000234,월현2리마을회관,37.353176,128.158601,80234,2025-10-31
WJB258000235,월현2리,37.350302,128.15751,80235,2025-10-31
WJB258000236,월현2리,37.350286,128.157643,80236,2025-10-31
WJB258000237,월현2리.월읍전,37.348047,128.158066,80237,2025-10-31
WJB251036014,매지리,37.245423,127.898044,36014,2025-10-31
WJB251036015,매지리,37.260386,127.902634,36015,2025-10-31
WJB251036016,매지휴게소,37.241123,127.898166,36016,2025-10-31
WJB251036017,면허시험장,37.338125,127.896095,36017,2025-10-31
WJB251036018,무수막마을,37.283665,127.911603,36018,2025-10-31
WJB251036019,무수막마을,37.28394,127.911414,36019,2025-10-31
WJB251036020,미촌,37.260979,127.902975,36020,2025-10-31
WJB251036021,미촌마을,37.25838,127.907545,36021,2025-10-31
WJB251036022,벌밤골,37.289871,127.91602,36022,2025-10-31
WJB251036023,벌밤골,37.291006,127.916182,36023,2025-10-31
WJB251036024,보촌,37.298495,127.918475,36024,2025-10-31
WJB251036025,복거부락,37.312742,127.903292,36025,2025-10-31
WJB251036026,복거부락앞,37.314426,127.899319,36026,2025-10-31
WJB251036027,봉미마을,37.333608,127.891314,36027,2025-10-31
WJB251036028,봉현,37.32272,127.892287,36028,2025-10-31
WJB251036029,봉현,37.322943,127.891781,36029,2025-10-31
WJB251036030,사제보건소,37.328941,127.887306,36030,2025-10-31
WJB251036031,사제리,37.335058,127.895197,36031,2025-10-31
WJB251036032,사제리,37.33521,127.895113,36032,2025-10-31
WJB251036033,삼성동,37.324632,127.889866,36033,2025-10-31
WJB251036034,세동,37.279249,127.909919,36034,2025-10-31
WJB251036035,세동마을,37.280122,127.91001,36035,2025-10-31
WJB251036036,신길촌,37.311282,127.906637,36036,2025-10-31
WJB251036038,신촌,37.310241,127.907632,36038,2025-10-31
WJB251036039,신촌길,37.311633,127.906347,36039,2025-10-31
WJB251036040,신촌길,37.307715,127.909238,36040,2025-10-31
WJB251036041,연세대(시내방면),37.28115,127.901946,36041,2025-10-31
WJB251036042,연세대 스포츠센터,37.27735,127.903305,36042,2025-10-31
WJB251036043,연세대 복지타운,37.277093,127.903682,36043,2025-10-31
WJB251036044,연세대정문,37.276807,127.906654,36044,2025-10-31
WJB251036045,연세대학교,37.276926,127.907774,36045,2025-10-31
WJB251036046,운전면허시험장,37.337826,127.896241,36046,2025-10-31
WJB251036047,원수고개,37.30851,127.899317,36047,2025-10-31
WJB251036048,국립강릉원주대학교,37.306348,127.921617,36048,2025-10-31
WJB251036049,육민관중.고등학교,37.306208,127.920764,36049,2025-10-31
WJB251036050,육민관중고교,37.308823,127.916929,36050,2025-10-31
WJB251036051,육민관고등학교,37.309663,127.916552,36051,2025-10-31
WJB251036052,자감교(한라대 입구),37.304953,127.917004,36052,2025-10-31
WJB251036053,자감교(한라대 입구),37.304965,127.916772,36053,2025-10-31
WJB251036054,자감촌침례교회,37.304247,127.914792,36054,2025-10-31
WJB251036055,중부마을,37.341838,127.897367,36055,2025-10-31
WJB251036056,풍년고개,37.305339,127.896775,36056,2025-10-31
WJB251036057,풍년고개,37.312313,127.903441,36057,2025-10-31
WJB251036058,풍년고개,37.30599,127.897292,36058,2025-10-31
WJB251036059,한라대학교 정문,37.305195,127.911802,36059,2025-10-31
WJB251036060,한라대학교 정문,37.305232,127.91121,36060,2025-10-31
WJB251036061,한라대학교(교내),37.303837,127.91052,36061,2025-10-31
WJB251036062,한촌,37.270861,127.905758,36062,2025-10-31
WJB251036063,한촌,37.270036,127.904962,36063,2025-10-31
WJB251036064,회촌,37.256085,127.910668,36064,2025-10-31
WJB251036065,후동,37.332118,127.886829,36065,2025-10-31
WJB251036067,흥업사거리,37.302405,127.919916,36067,2025-10-31
WJB251036069,흥업주유소,37.319788,127.896241,36069,2025-10-31
WJB251036070,흥업주유소,37.319786,127.896119,36070,2025-10-31
WJB251036071,흥업지구대,37.298467,127.918735,36071,2025-10-31
WJB251037001,가리파계곡,37.263034,128.033595,37001,2025-10-31
WJB251037002,거장아파트,37.312058,127.928064,37002,2025-10-31
WJB251037003,거장아파트,37.311871,127.928197,37003,2025-10-31
WJB251037004,건너서평,37.300441,127.943842,37004,2025-10-31
WJB251037005,곰네미,37.276998,128.006981,37005,2025-10-31
WJB251037006,구억동,37.305443,127.933394,37006,2025-10-31
WJB251037007,금대1리,37.277835,128.006337,37007,2025-10-31
WJB251037008,금대3리 마을회관앞,37.266245,128.024522,37008,2025-10-31
WJB251037009,금대3리마을회관앞,37.266308,128.024669,37009,2025-10-31
WJB251037010,금대계곡,37.274336,128.011293,37010,2025-10-31
WJB251037011,금대계곡,37.27417,128.011398,37011,2025-10-31
WJB251037012,금대리,37.284588,127.997422,37012,2025-10-31
WJB251037013,금대리 회론동,37.2705,128.018931,37013,2025-10-31
WJB251037014,금대초등학교,37.288791,127.995046,37014,2025-10-31
WJB251037015,금대초등학교,37.287908,127.995704,37015,2025-10-31
WJB251037016,남송,37.317846,127.938646,37016,2025-10-31
WJB251037017,남원주중학교,37.321998,127.942026,37017,2025-10-31
WJB251037018,내남송,37.30786,127.945944,37018,2025-10-31
WJB251037019,내남송,37.310772,127.943477,37019,2025-10-31
WJB251037020,내동막,37.295596,127.942324,37020,2025-10-31
WJB251037021,대성암,37.268968,128.022116,37021,2025-10-31
WJB251037022,동보노빌리티(포스코APT),37.323713,127.937481,37022,2025-10-31
WJB251037023,뜀바위,37.281765,128.001641,37023,2025-10-31
WJB251037024,뜀바위,37.281695,128.001957,37024,2025-10-31
WJB251037025,백운전원마을,37.300571,127.936789,37025,2025-10-31
WJB251037026,변판서골,37.314812,127.9343,37026,2025-10-31
WJB251037027,변판서골,37.315911,127.935704,37027,2025-10-31
WJB251037028,서곡jc,37.302759,127.935726,37028,2025-10-31
WJB251037029,서곡jc,37.302541,127.936079,37029,2025-10-31
WJB251037030,서곡삼거리,37.308266,127.927481,37030,2025-10-31
WJB251037031,서곡삼거리,37.308475,127.927816,37031,2025-10-31
WJB251037032,서곡초교,37.297921,127.937388,37032,2025-10-31
WJB251037033,서곡초등학교,37.297877,127.937497,37033,2025-10-31
WJB251037034,서평동,37.296213,127.939811,37034,2025-10-31
WJB251037035,아랫거리,37.313205,127.930697,37035,2025-10-31
WJB251037036,아랫거리,37.312945,127.93105,37036,2025-10-31
WJB258000238,월현2리.월읍전,37.348168,128.158121,80238,2025-10-31
WJB258000239,월현1리,37.347105,128.174661,80239,2025-10-31
WJB258000240,월현1리,37.347082,128.174766,80240,2025-10-31
WJB258000241,월현1리,37.35085,128.173031,80241,2025-10-31
WJB258000242,옥동교차로,37.5144,128.028029,80242,2025-10-31
WJB258000243,옥동교차로,37.514897,128.028215,80243,2025-10-31
WJB258000244,옥동리,37.524192,128.035903,80244,2025-10-31
WJB258000245,옥동리,37.524169,128.036027,80245,2025-10-31
WJB258000246,중금리,37.527537,128.045563,80246,2025-10-31
WJB258000247,중금리,37.527468,128.045638,80247,2025-10-31
WJB258000248,한치재,37.532681,128.056811,80248,2025-10-31
WJB258000249,한치재,37.532586,128.056867,80249,2025-10-31
WJB258000250,구방리,37.534945,128.060176,80250,2025-10-31
WJB258000251,구방리,37.534876,128.060281,80251,2025-10-31
WJB258000252,중금리.새말입고,37.538002,128.061993,80252,2025-10-31
WJB258000253,중금리.새말입고,37.538058,128.062156,80253,2025-10-31
WJB258000254,구방1리.망향의동산,37.542316,128.067045,80254,2025-10-31
WJB258000255,구방1리.망향의동산,37.542225,128.067068,80255,2025-10-31
WJB258000256,화성상회,37.541971,128.0749,80256,2025-10-31
WJB258000257,화성상회,37.541849,128.07487,80257,2025-10-31
WJB258000258,구방리,37.541215,128.081096,80258,2025-10-31
WJB258000259,구방리,37.541097,128.081162,80259,2025-10-31
WJB258000260,삼거리,37.549456,128.092378,80260,2025-10-31
WJB258000261,삼거리,37.549444,128.092512,80261,2025-10-31
WJB258000262,구리고개,37.551606,128.093121,80262,2025-10-31
WJB258000263,구리고개,37.551522,128.093215,80263,2025-10-31
WJB258000264,포동2리,37.553741,128.09696,80264,2025-10-31
WJB258000265,포동2리,37.553817,128.096903,80265,2025-10-31
WJB258000266,매일1리,37.556855,128.104187,80266,2025-10-31
WJB258000267,매일1리,37.556814,128.103874,80267,2025-10-31
WJB258000268,갑천농협,37.558281,128.108309,80268,2025-10-31
WJB258000269,갑천농협,37.558236,128.107785,80269,2025-10-31
WJB258000270,갑천중.고교앞,37.560612,128.110801,80270,2025-10-31
WJB258000271,갑천중.고교앞,37.560651,128.11103,80271,2025-10-31
WJB258000272,매일2리,37.558525,128.119632,80272,2025-10-31
WJB258000273,매일2리,37.558601,128.119671,80273,2025-10-31
WJB258000274,매일2리,37.555588,128.124628,80274,2025-10-31
WJB258000275,매일2리,37.555633,128.124728,80275,2025-10-31
WJB258000276,상대리,37.54642,128.134075,80276,2025-10-31
WJB258000277,상대리,37.546454,128.13419,80277,2025-10-31
WJB258000278,하대1리,37.543488,128.145167,80278,2025-10-31
WJB258000279,하대1리,37.543553,128.145119,80279,2025-10-31
WJB258000280,하대2리.금성분교,37.537282,128.162044,80280,2025-10-31
WJB258000281,하대2리.금성분교,37.537524,128.162228,80281,2025-10-31
WJB258000282,하대2리,37.531516,128.16269,80282,2025-10-31
WJB258000283,하대2리,37.531504,128.162771,80283,2025-10-31
WJB258000284,상대리.웅골,37.527199,128.168327,80284,2025-10-31
WJB258000285,상대리.웅골,37.527273,128.168386,80285,2025-10-31
WJB258000286,상대리.웃말,37.52357,128.178437,80286,2025-10-31
WJB258000287,공근농기구수리센타,37.534532,127.965506,80287,2025-10-31
WJB258000288,공근농기구수리센타,37.533894,127.966222,80288,2025-10-31
WJB258000289,매곡리,37.531583,127.969504,80289,2025-10-31
WJB258000290,매곡리,37.531647,127.969547,80290,2025-10-31
WJB258000291,매곡소류지,37.530571,127.972651,80291,2025-10-31
WJB258000292,매곡소류지,37.530643,127.972685,80292,2025-10-31
WJB258000293,매곡리마을회관,37.529486,127.976083,80293,2025-10-31
WJB258000294,매곡리마을회관,37.529547,127.976117,80294,2025-10-31
WJB258000295,매곡리.아랫마을,37.528411,127.97881,80295,2025-10-31
WJB258000296,매곡리.아랫마을,37.528461,127.978815,80296,2025-10-31
WJB258000297,오산리,37.52735,127.982867,80297,2025-10-31
WJB258000298,오산리,37.527411,127.982896,80298,2025-10-31
WJB258000299,오산리회관,37.526547,127.985968,80299,2025-10-31
WJB258000300,오산리회관,37.526421,127.986172,80300,2025-10-31
WJB258000301,오산리삼거리,37.52607,127.990176,80301,2025-10-31
WJB258000302,오산리삼거리,37.526131,127.990167,80302,2025-10-31
WJB258000303,왜뚠지,37.527177,127.993394,80303,2025-10-31
WJB258000304,왜뚠지,37.527238,127.993385,80304,2025-10-31
WJB258000305,덕촌리,37.528347,127.997218,80305,2025-10-31
WJB258000306,덕촌리,37.528339,127.997347,80306,2025-10-31
WJB258000307,덕촌리.호진,37.531908,128.002331,80307,2025-10-31
WJB258000308,덕촌리.호진,37.53185,128.002374,80308,2025-10-31
WJB258000309,덕촌리,37.53297,128.004347,80309,2025-10-31
WJB258000310,덕촌리,37.532902,128.004409,80310,2025-10-31
WJB258000311,수백초등학교,37.534343,128.006846,80311,2025-10-31
WJB258000312,수백초등학교,37.534266,128.006884,80312,2025-10-31
WJB258000313,궁천리,37.543119,128.017178,80313,2025-10-31
WJB258000314,궁천리,37.543088,128.017273,80314,2025-10-31
WJB258000315,횡성댐사거리,37.545971,128.022618,80315,2025-10-31
WJB258000316,횡성댐사거리,37.545916,128.0231,80316,2025-10-31
WJB258000317,대관대리,37.553999,128.028415,80317,2025-10-31
WJB258000318,대관대리,37.55401,128.028524,80318,2025-10-31
WJB258000319,대관리,37.557963,128.02807,80319,2025-10-31
WJB258000320,대관리,37.557955,128.02818,80320,2025-10-31
WJB258000321,어답산가든,37.560144,128.028864,80321,2025-10-31
WJB258000322,어답산가든,37.560113,128.028949,80322,2025-10-31
WJB258000323,염수골,37.562744,128.031994,80323,2025-10-31
WJB258000324,염수골,37.562664,128.031993,80324,2025-10-31
WJB258000325,추동리,37.563764,128.034888,80325,2025-10-31
WJB258000326,추동리,37.563919,128.035047,80326,2025-10-31
WJB258000327,당평초교,37.565403,128.040283,80327,2025-10-31
WJB258000328,당평초교,37.565342,128.040359,80328,2025-10-31
WJB258000329,전촌리,37.566562,128.045188,80329,2025-10-31
WJB251037037,세교마을,37.296458,127.988797,37037,2025-10-31
WJB251037038,바른요양병원,37.293451,127.991102,37038,2025-10-31
WJB251037039,바른요양병원,37.293328,127.991351,37039,2025-10-31
WJB251037042,안중천,37.302023,127.94444,37042,2025-10-31
WJB251037043,애신분교,37.263445,128.032758,37043,2025-10-31
WJB251037044,오페라 웨딩홀,37.319795,127.93969,37044,2025-10-31
WJB251037045,오페라웨딩홀,37.321069,127.939588,37045,2025-10-31
WJB251037046,외동막,37.292948,127.940313,37046,2025-10-31
WJB251037047,외동막,37.293135,127.940459,37047,2025-10-31
WJB251037048,원동,37.26525,128.027284,37048,2025-10-31
WJB251037049,원동,37.264881,128.027762,37049,2025-10-31
WJB251037050,원주화교소학교,37.314686,127.942146,37050,2025-10-31
WJB251037051,음금대,37.284571,127.997616,37051,2025-10-31
WJB251037052,치악산휴양림,37.263454,128.030476,37052,2025-10-31
WJB251037053,회론동앞,37.270676,128.018881,37053,2025-10-31
WJB251038001,가둔지,37.251433,128.083222,38001,2025-10-31
WJB251038002,갈곡,37.234801,128.072256,38002,2025-10-31
WJB251038003,갈밭골,37.221858,128.086566,38003,2025-10-31
WJB251038004,계야,37.277906,128.201927,38004,2025-10-31
WJB251038005,계야,37.275293,128.199037,38005,2025-10-31
WJB251038006,계야,37.2772,128.201682,38006,2025-10-31
WJB251038007,계야강,37.284896,128.202176,38007,2025-10-31
WJB251038008,계야마을,37.291001,128.200944,38008,2025-10-31
WJB251038009,구학분교,37.211468,128.064652,38009,2025-10-31
WJB251038010,구학분교,37.211535,128.064441,38010,2025-10-31
WJB251038011,금창리,37.241238,128.063869,38011,2025-10-31
WJB251038012,금창리,37.24156,128.063807,38012,2025-10-31
WJB251038013,도용,37.269456,128.195154,38013,2025-10-31
WJB251038014,두학교앞,37.296793,128.194279,38014,2025-10-31
WJB251038015,뒷담마을,37.23156,128.076451,38015,2025-10-31
WJB251038016,마지,37.238901,128.088239,38016,2025-10-31
WJB251038017,물안동,37.251594,128.127258,38017,2025-10-31
WJB251038018,물안동,37.251635,128.133605,38018,2025-10-31
WJB251038019,물안동,37.251501,128.133643,38019,2025-10-31
WJB251038020,미내골,37.278807,128.084714,38020,2025-10-31
WJB251038021,방학동,37.210631,128.062426,38021,2025-10-31
WJB251038022,본동,37.269988,128.082551,38022,2025-10-31
WJB251038023,본동,37.259201,128.082984,38023,2025-10-31
WJB251038024,사림,37.209459,128.080835,38024,2025-10-31
WJB251038025,석기동,37.252405,128.120517,38025,2025-10-31
WJB251038026,선학동,37.210282,128.068843,38026,2025-10-31
WJB251038027,섬안이,37.294065,128.199206,38027,2025-10-31
WJB251038028,성남1리,37.249176,128.100813,38028,2025-10-31
WJB251038029,즐개들,37.261944,128.189678,38029,2025-10-31
WJB251038030,성남1리,37.249621,128.095924,38030,2025-10-31
WJB251038031,성남1리,37.245419,128.087831,38031,2025-10-31
WJB251038032,성남골,37.248624,128.084811,38032,2025-10-31
WJB251038033,성남종점,37.28002,128.085936,38033,2025-10-31
WJB251038034,성황림,37.266576,128.083524,38034,2025-10-31
WJB251038035,소야,37.254481,128.176744,38035,2025-10-31
WJB251038036,송계1리,37.2658,128.205454,38036,2025-10-31
WJB251038037,신림,37.221401,128.086629,38037,2025-10-31
WJB251038038,신림삼거리,37.229578,128.081729,38038,2025-10-31
WJB251038039,신림3리,37.234806,128.071557,38039,2025-10-31
WJB251038040,신림면사무소,37.22998,128.079541,38040,2025-10-31
WJB251038041,신림면사무소,37.229988,128.080197,38041,2025-10-31
WJB251038042,신림힐링센터,37.226531,128.083499,38042,2025-10-31
WJB251038043,신림삼거리,37.230063,128.081949,38043,2025-10-31
WJB251038044,신림역,37.217105,128.090024,38044,2025-10-31
WJB251038045,신림중학교,37.232171,128.083556,38045,2025-10-31
WJB251038046,신림중학교,37.23254,128.083424,38046,2025-10-31
WJB251038047,신목,37.260861,128.187104,38047,2025-10-31
WJB251038048,신목정,37.259406,128.184564,38048,2025-10-31
WJB251038049,신목정,37.259326,128.184669,38049,2025-10-31
WJB251038050,싸리치,37.249161,128.101385,38050,2025-10-31
WJB251038051,싸리치재,37.24665,128.088714,38051,2025-10-31
WJB251038052,싸리치재,37.246754,128.088678,38052,2025-10-31
WJB251038053,아랫당숲,37.256703,128.082506,38053,2025-10-31
WJB251038054,아랫당숲,37.256463,128.08261,38054,2025-10-31
WJB251038055,언당,37.245606,128.087714,38055,2025-10-31
WJB251038056,언당,37.243565,128.087837,38056,2025-10-31
WJB251038057,용암,37.212566,128.088797,38057,2025-10-31
WJB251038058,용암3리,37.204178,128.097526,38058,2025-10-31
WJB251038059,용암리,37.213931,128.091537,38059,2025-10-31
WJB251038060,윗버등,37.27437,128.080684,38060,2025-10-31
WJB251038061,유치,37.281546,128.201204,38061,2025-10-31
WJB251038062,작은거무네,37.251655,128.052617,38062,2025-10-31
WJB251038063,작은거무네,37.251636,128.052266,38063,2025-10-31
WJB251038064,재사,37.247286,128.164079,38064,2025-10-31
WJB251038065,창촌,37.250375,128.141315,38065,2025-10-31
WJB251038066,치골,37.26643,128.193756,38066,2025-10-31
WJB251038067,치골,37.266601,128.193729,38067,2025-10-31
WJB251038068,치악재정상,37.257221,128.045126,38068,2025-10-31
WJB251038069,치악재정상,37.257943,128.042482,38069,2025-10-31
WJB251038070,치악휴게소,37.25393,128.047514,38070,2025-10-31
WJB251038071,치악휴게소,37.253665,128.048007,38071,2025-10-31
WJB251038072,평촌,37.222215,127.864031,38072,2025-10-31
WJB251038073,평촌,37.24884,128.153862,38073,2025-10-31
WJB251038074,평촌,37.249131,128.15002,38074,2025-10-31
WJB251038075,평촌,37.249286,128.150052,38075,2025-10-31
WJB251038076,평촌,37.221845,127.864298,38076,2025-10-31
WJB251038077,황둔,37.261986,128.192887,38077,2025-10-31
WJB251038078,흑천동,37.248988,128.05563,38078,2025-10-31
WJB251038079,흑천동,37.24902,128.055911,38079,2025-10-31
WJB258000330,전촌리,37.566479,128.045193,80330,2025-10-31
WJB258000331,진양지,37.565173,128.04986,80331,2025-10-31
WJB258000332,진양지,37.564898,128.050216,80332,2025-10-31
WJB258000333,삼거저수지,37.564036,128.055798,80333,2025-10-31
WJB258000334,삼거저수지,37.563956,128.055783,80334,2025-10-31
WJB258000335,삼거리,37.564895,128.062332,80335,2025-10-31
WJB258000336,삼거리,37.564898,128.062796,80336,2025-10-31
WJB258000337,횡성온천,37.565893,128.06877,80337,2025-10-31
WJB258000338,횡성온천,37.565824,128.068707,80338,2025-10-31
WJB258000339,율동,37.564487,128.111353,80339,2025-10-31
WJB258000340,율동,37.56445,128.111219,80340,2025-10-31
WJB258000341,영영포교차로,37.49052,128.042828,80341,2025-10-31
WJB258000342,영영포교차로,37.490429,128.042847,80342,2025-10-31
WJB258000343,한국석유관리원,37.492173,128.047002,80343,2025-10-31
WJB258000344,한국석유관리원,37.492069,128.047021,80344,2025-10-31
WJB258000345,태산가든,37.493571,128.051843,80345,2025-10-31
WJB258000346,태산가든,37.493639,128.05192,80346,2025-10-31
WJB258000347,용둔리마을회관,37.495614,128.058466,80347,2025-10-31
WJB258000348,용둔리마을회관,37.495515,128.058466,80348,2025-10-31
WJB258000349,용둔리,37.494914,128.063506,80349,2025-10-31
WJB258000350,용둔리,37.494853,128.0634,80350,2025-10-31
WJB258000351,목골,37.491727,128.065665,80351,2025-10-31
WJB258000352,목골,37.491423,128.065759,80352,2025-10-31
WJB258000353,용둔,37.489037,128.069049,80353,2025-10-31
WJB258000354,용둔,37.488892,128.069058,80354,2025-10-31
WJB258000355,광암,37.487884,128.071749,80355,2025-10-31
WJB258000356,광암,37.487755,128.071781,80356,2025-10-31
WJB258000357,산전리,37.486391,128.07567,80357,2025-10-31
WJB258000358,산전리,37.486063,128.076764,80358,2025-10-31
WJB258000359,닥밧골,37.489756,128.085899,80359,2025-10-31
WJB258000360,닥밧골,37.489691,128.086008,80360,2025-10-31
WJB258000361,버섯연구단지,37.491356,128.088133,80361,2025-10-31
WJB258000362,버섯연구단지,37.491396,128.088386,80362,2025-10-31
WJB258000363,광산골,37.492814,128.091211,80363,2025-10-31
WJB258000364,광산골,37.492719,128.091248,80364,2025-10-31
WJB258000365,산전농원,37.496419,128.093623,80365,2025-10-31
WJB258000366,산전농원,37.496358,128.093713,80366,2025-10-31
WJB258000367,정금리,37.500885,128.099109,80367,2025-10-31
WJB258000368,정금리,37.500977,128.099038,80368,2025-10-31
WJB258000369,정금보건소,37.502801,128.101833,80369,2025-10-31
WJB258000370,정금보건소,37.502725,128.101937,80370,2025-10-31
WJB258000371,정금1리,37.507175,128.102445,80371,2025-10-31
WJB258000372,정금1리,37.508155,128.102419,80372,2025-10-31
WJB258000373,정금리,37.509753,128.103448,80373,2025-10-31
WJB258000374,정금리,37.509828,128.103577,80374,2025-10-31
WJB258000375,어둔이,37.515223,128.104284,80375,2025-10-31
WJB258000376,어둔이,37.515212,128.104193,80376,2025-10-31
WJB258000377,정금1리.어둔리,37.519939,128.103993,80377,2025-10-31
WJB258000378,정금1리.어둔리,37.519906,128.103907,80378,2025-10-31
WJB258000379,포동1리강원참숯,37.528923,128.101938,80379,2025-10-31
WJB258000380,포동1리강원참숯,37.528912,128.101847,80380,2025-10-31
WJB258000381,포동1리,37.533474,128.100586,80381,2025-10-31
WJB258000382,포동1리,37.533473,128.100691,80382,2025-10-31
WJB258000383,포동1리,37.543726,128.100072,80383,2025-10-31
WJB258000384,포동1리,37.543703,128.100162,80384,2025-10-31
WJB258000385,횡성군청,37.49096,127.985351,80385,2025-10-31
WJB258000386,북천로타리,37.491875,127.988174,80386,2025-10-31
WJB258000387,북천로타리,37.491818,127.988293,80387,2025-10-31
WJB258000388,올레프라자횡성점,37.494123,127.990444,80388,2025-10-31
WJB258000389,올레프라자횡성점,37.494218,127.99034,80389,2025-10-31
WJB258000390,북천리마을회관,37.497473,127.991593,80390,2025-10-31
WJB258000391,북천리마을회관,37.497472,127.991755,80391,2025-10-31
WJB258000392,섬강,37.507429,127.9981,80392,2025-10-31
WJB258000393,섬강,37.507425,127.998209,80393,2025-10-31
WJB258000394,내지,37.510574,128.001008,80394,2025-10-31
WJB258000395,내지,37.510532,128.001084,80395,2025-10-31
WJB258000396,머지고개,37.520506,128.00614,80396,2025-10-31
WJB258000397,머지고개,37.520547,128.006293,80397,2025-10-31
WJB258000398,마옥리,37.53013,128.011725,80398,2025-10-31
WJB258000399,마옥리,37.530204,128.011605,80399,2025-10-31
WJB258000400,마옥사거리,37.532583,128.013244,80400,2025-10-31
WJB258000401,마옥사거리,37.532574,128.013372,80401,2025-10-31
WJB258000402,병지방2리,37.599442,128.058344,80402,2025-10-31
WJB258000403,병지방2리,37.599491,128.05833,80403,2025-10-31
WJB258000404,횡성청소년수련회,37.60051,128.081739,80404,2025-10-31
WJB258000405,횡성청소년수련회,37.600442,128.081753,80405,2025-10-31
WJB258000406,병지방1리,37.601236,128.085503,80406,2025-10-31
WJB258000407,횡성향교,37.487139,127.991552,80407,2025-10-31
WJB258000408,횡성이안아파트,37.490632,127.993775,80408,2025-10-31
WJB258000409,횡성향교,37.48717,127.991391,80409,2025-10-31
WJB258000410,횡성이안아파트,37.490755,127.993636,80410,2025-10-31
WJB258000411,횡성읍사무소,37.491965,127.993072,80411,2025-10-31
WJB258000412,북천로타리,37.490961,127.987868,80412,2025-10-31
WJB258000413,횡성상수도관제센터,37.495358,127.999297,80413,2025-10-31
WJB258000414,마산,37.497463,128.001071,80414,2025-10-31
WJB258000415,개전리회관,37.500789,128.011307,80415,2025-10-31
WJB258000416,개전교회,37.504965,128.014631,80416,2025-10-31
WJB258000417,개전리,37.507946,128.020045,80417,2025-10-31
WJB258000418,창말,37.567003,128.118471,80418,2025-10-31
WJB258000419,창말,37.566922,128.118551,80419,2025-10-31
WJB258000420,수하지마을,37.570246,128.120875,80420,2025-10-31
WJB258000421,수하지마을,37.570151,128.120926,80421,2025-10-31
WJB251051001,KBS방송국,37.346884,127.952341,51001,2025-10-31
WJB251051002,강원감영,37.348795,127.949809,51002,2025-10-31
WJB251051003,중앙동주민센터,37.353321,127.948629,51003,2025-10-31
WJB251051004,지하상가사거리,37.351845,127.948371,51004,2025-10-31
WJB251051005,평원로중앙시장,37.350923,127.951069,51005,2025-10-31
WJB251051006,풍물시장,37.348654,127.953219,51006,2025-10-31
WJB251052001,KBS방송국,37.346003,127.951672,52001,2025-10-31
WJB251052002,원동사거리,37.346652,127.94945,52002,2025-10-31
WJB251052003,원동사거리,37.346923,127.947949,52003,2025-10-31
WJB251052004,원주교오거리,37.347086,127.953812,52004,2025-10-31
WJB251052005,옛원주문화원,37.346303,127.950257,52005,2025-10-31
WJB251052006,한주아파트,37.344789,127.943877,52006,2025-10-31
WJB251052007,한주아파트,37.344705,127.94408,52007,2025-10-31
WJB251053001,금대로남부시장,37.342032,127.955533,53001,2025-10-31
WJB251053002,덕산아파트,37.341116,127.95695,53002,2025-10-31
WJB251053003,덕산아파트,37.341234,127.956666,53003,2025-10-31
WJB251053004,롯데시네마,37.331001,127.949151,53004,2025-10-31
WJB251053005,반곡교,37.340268,127.964468,53005,2025-10-31
WJB251053006,반곡교,37.340282,127.964182,53006,2025-10-31
WJB251053007,벽산블루밍아파트,37.338347,127.965628,53007,2025-10-31
WJB251053008,벽산블루밍아파트,37.338851,127.965893,53008,2025-10-31
WJB251053009,상지여중,37.341344,127.960289,53009,2025-10-31
WJB251053010,세경2차아파트,37.339228,127.962742,53010,2025-10-31
WJB251053011,세경아파트,37.339697,127.962952,53011,2025-10-31
WJB251053012,원마트,37.335236,127.949575,53012,2025-10-31
WJB251053013,원마트,37.335196,127.949792,53013,2025-10-31
WJB251053014,원주고 동문회관,37.341608,127.96172,53014,2025-10-31
WJB251053015,원주고등학교,37.339403,127.956215,53015,2025-10-31
WJB251053016,원주고등학교,37.339398,127.956025,53016,2025-10-31
WJB251053017,원주의료원,37.333426,127.947647,53017,2025-10-31
WJB251053018,사랑간호데이케어센터,37.333413,127.952012,53018,2025-10-31
WJB251053019,한신1차아파트,37.331206,127.949174,53019,2025-10-31
WJB251053020,젊음의광장사거리,37.33486,127.948635,53020,2025-10-31
WJB251054001,구곡현대아파트,37.328883,127.945378,54001,2025-10-31
WJB251054002,원일로남부시장,37.343206,127.954871,54002,2025-10-31
WJB251054003,남원로남부시장,37.341955,127.954521,54003,2025-10-31
WJB251054004,남원로남부시장,37.342127,127.954344,54004,2025-10-31
WJB251054005,단구2차아파트,37.330932,127.946321,54005,2025-10-31
WJB251054006,단구은행아파트,37.332699,127.944523,54006,2025-10-31
WJB251054007,단구은행아파트,37.332785,127.94472,54007,2025-10-31
WJB251054008,대림아파트,37.330202,127.946205,54008,2025-10-31
WJB251054009,대성현대아파트,37.34,127.952806,54009,2025-10-31
WJB251054010,대성현대아파트,37.340164,127.952673,54010,2025-10-31
WJB251054011,도영쇼핑,37.333951,127.943394,54011,2025-10-31
WJB251054012,도영쇼핑,37.334044,127.943294,54012,2025-10-31
WJB251054013,동보노빌리티입구,37.323201,127.939974,54013,2025-10-31
WJB251054014,명륜2동주민센터,37.329869,127.9433,54014,2025-10-31
WJB251054015,명륜2동주민센터,37.330092,127.942825,54015,2025-10-31
WJB251054016,성지병원,37.344447,127.955178,54016,2025-10-31
WJB251054017,원주시시설관리공단,37.329009,127.945113,54017,2025-10-31
WJB251054018,원주여자중학교,37.338,127.945591,54018,2025-10-31
WJB251054019,원주여자중학교,37.338354,127.944809,54019,2025-10-31
WJB251054020,원주의료원,37.333838,127.947557,54020,2025-10-31
WJB251054021,종합운동장,37.335213,127.943254,54021,2025-10-31
WJB251054022,청구아파트1단지,37.326289,127.937496,54022,2025-10-31
WJB251054023,청구아파트,37.324396,127.940821,54023,2025-10-31
WJB251054024,청구아파트,37.325745,127.941564,54024,2025-10-31
WJB251054025,청구1단지APT(동보렉스9차),37.326521,127.937763,54025,2025-10-31
WJB251054026,청구아파트2단지,37.325836,127.940018,54026,2025-10-31
WJB251054027,청구아파트2단지,37.325943,127.940131,54027,2025-10-31
WJB251054028,치악예술관,37.335098,127.943868,54028,2025-10-31
WJB251054029,치악체육관,37.338178,127.940161,54029,2025-10-31
WJB251054030,치악체육관후문,37.33966,127.942672,54030,2025-10-31
WJB251054031,치악체육관후문,37.340215,127.941997,54031,2025-10-31
WJB251054032,행운아파트,37.332423,127.941335,54032,2025-10-31
WJB251054033,행운아파트앞,37.332711,127.941944,54033,2025-10-31
WJB251054034,개운현대아파트,37.337417,127.950947,54034,2025-10-31
WJB251054035,향교입구,37.337517,127.950751,54035,2025-10-31
WJB251054036,젊음의광장사거리,37.334988,127.948302,54036,2025-10-31
WJB251054037,국립공원연구원입구,37.336346,127.948157,54037,2025-10-31
WJB251054038,국립공원연구원입구,37.336251,127.94802,54038,2025-10-31
WJB251056001,KT남원주지사,37.326668,127.956481,56001,2025-10-31
WJB251056002,구곡현대아파트,37.327661,127.945787,56002,2025-10-31
WJB251056003,구곡현대아파트,37.327736,127.94589,56003,2025-10-31
WJB251056004,근린공원,37.318925,127.958531,56004,2025-10-31
WJB251056005,근린공원,37.318894,127.958368,56005,2025-10-31
WJB251056006,남원주중학교입구,37.321726,127.943882,56006,2025-10-31
WJB251056007,남원주중학교정문,37.322351,127.945872,56007,2025-10-31
WJB251056008,남원주중학교정문,37.322797,127.945812,56008,2025-10-31
WJB251056009,남원주초등학교,37.321186,127.949728,56009,2025-10-31
WJB251056010,남원주초등학교,37.321669,127.94966,56010,2025-10-31
WJB251056011,노인종합복지관,37.31801,127.967809,56011,2025-10-31
WJB251056012,농심창고,37.324626,127.965852,56012,2025-10-31
WJB251056013,원주시니어클럽,37.327501,127.960291,56013,2025-10-31
WJB251056014,원주시니어클럽,37.327493,127.960068,56014,2025-10-31
WJB251056015,원주시니어클럽,37.326181,127.958659,56015,2025-10-31
WJB251056016,원주시니어클럽 후문,37.326118,127.958789,56016,2025-10-31
WJB251056017,단구사거리,37.325233,127.961185,56017,2025-10-31
WJB258000422,초현리,37.567914,128.125103,80422,2025-10-31
WJB258000423,초현리,37.567857,128.125012,80423,2025-10-31
WJB258000424,초현삼거리,37.566495,128.131076,80424,2025-10-31
WJB258000425,초현삼거리,37.566534,128.130947,80425,2025-10-31
WJB258000426,유동3리,37.578166,128.139504,80426,2025-10-31
WJB258000427,유동3리,37.578063,128.13956,80427,2025-10-31
WJB258000428,청일초등학교,37.580933,128.146287,80428,2025-10-31
WJB258000429,청일초등학교,37.580804,128.146286,80429,2025-10-31
WJB258000430,청일면,37.583715,128.152316,80430,2025-10-31
WJB258000431,청일면,37.583691,128.152555,80431,2025-10-31
WJB258000432,주리재,37.597659,128.151302,80432,2025-10-31
WJB258000433,주리재,37.597621,128.151191,80433,2025-10-31
WJB258000434,춘당1리,37.601183,128.144633,80434,2025-10-31
WJB258000435,춘당1리,37.601033,128.144914,80435,2025-10-31
WJB258000436,석벽골,37.606637,128.142823,80436,2025-10-31
WJB258000437,석벽골,37.606666,128.142961,80437,2025-10-31
WJB258000438,춘당2리,37.616167,128.141037,80438,2025-10-31
WJB258000439,춘당2리,37.616166,128.141157,80439,2025-10-31
WJB258000440,복면리종점,37.661405,128.135333,80440,2025-10-31
WJB258000441,구방2리,37.531534,128.069607,80441,2025-10-31
WJB258000442,응달말,37.582768,128.161912,80442,2025-10-31
WJB258000443,응달말,37.582833,128.161946,80443,2025-10-31
WJB258000444,유평리,37.571149,128.167088,80444,2025-10-31
WJB258000445,유평리,37.57108,128.167112,80445,2025-10-31
WJB258000446,봉덕사거리,37.573785,128.173821,80446,2025-10-31
WJB258000447,봉덕사거리,37.573697,128.17387,80447,2025-10-31
WJB258000448,고시리,37.575535,128.175958,80448,2025-10-31
WJB258000449,고시리,37.575482,128.176019,80449,2025-10-31
WJB258000450,고시리,37.581021,128.192404,80450,2025-10-31
WJB258000451,고시리,37.581097,128.192362,80451,2025-10-31
WJB258000452,신대리,37.586616,128.204735,80452,2025-10-31
WJB258000453,신대리,37.586528,128.204739,80453,2025-10-31
WJB258000454,신대리,37.586855,128.209277,80454,2025-10-31
WJB258000455,신대리,37.586786,128.209295,80455,2025-10-31
WJB258000456,신대마을,37.589276,128.217163,80456,2025-10-31
WJB258000457,신대마을,37.589196,128.21721,80457,2025-10-31
WJB258000458,신대리종점,37.592499,128.22129,80458,2025-10-31
WJB258000459,봉덕사거리,37.573603,128.173678,80459,2025-10-31
WJB258000460,갑천1리,37.570691,128.180119,80460,2025-10-31
WJB258000461,갑천1리,37.570789,128.180163,80461,2025-10-31
WJB258000462,절바위골,37.562277,128.189915,80462,2025-10-31
WJB258000463,절바위골,37.56211,128.190002,80463,2025-10-31
WJB258000465,청일.금평종점,37.610438,128.152783,80465,2025-10-31
WJB258000466,청일.금평종점,37.610453,128.15287,80466,2025-10-31
WJB258000467,춘당1리,37.615008,128.15407,80467,2025-10-31
WJB258000468,춘당1리,37.614963,128.154132,80468,2025-10-31
WJB258000469,춘당1리.사재율,37.619593,128.163141,80469,2025-10-31
WJB258000470,춘당1리.사재율,37.619665,128.163123,80470,2025-10-31
WJB258000471,춘당리종점,37.622317,128.169843,80471,2025-10-31
WJB258000472,시동입구,37.580838,127.897084,80472,2025-10-31
WJB258000473,도곡리입구,37.557515,127.958788,80473,2025-10-31
WJB258000474,도곡리입구,37.557601,127.95876,80474,2025-10-31
WJB258000475,도곡리,37.556848,127.955205,80475,2025-10-31
WJB258000476,도곡리,37.556813,127.955233,80476,2025-10-31
WJB258000477,도곡리마을회관,37.553133,127.951391,80477,2025-10-31
WJB258000478,도곡리마을회관,37.553118,127.951453,80478,2025-10-31
WJB258000479,도새울마을,37.551165,127.947647,80479,2025-10-31
WJB258000480,도새울마을,37.551123,127.947623,80480,2025-10-31
WJB258000481,도곡리종점,37.549928,127.943999,80481,2025-10-31
WJB258000482,시동,37.591153,127.830007,80482,2025-10-31
WJB258000483,소모,37.575842,127.937738,80483,2025-10-31
WJB258000484,샛말저수지,37.576065,127.955228,80484,2025-10-31
WJB258000485,샛말저수지,37.576004,127.955242,80485,2025-10-31
WJB258000486,행정리,37.576647,127.960979,80486,2025-10-31
WJB258000487,행정리,37.576578,127.960955,80487,2025-10-31
WJB258000488,봉화마을,37.56731,127.970118,80488,2025-10-31
WJB258000489,봉화마을,37.5674,127.970157,80489,2025-10-31
WJB258000490,수백리회관,37.535014,128.008459,80490,2025-10-31
WJB258000491,수백리회관,37.534945,128.008553,80491,2025-10-31
WJB258000492,수백리,37.537844,128.010585,80492,2025-10-31
WJB258000493,수백리,37.537749,128.010594,80493,2025-10-31
WJB258000494,흑석소류지,37.543661,128.011279,80494,2025-10-31
WJB258000495,흑석소류지,37.543684,128.011408,80495,2025-10-31
WJB258000496,검은들,37.550036,128.007901,80496,2025-10-31
WJB258000497,검은들,37.550073,128.00804,80497,2025-10-31
WJB258000498,윗삼배,37.552246,128.004418,80498,2025-10-31
WJB258000499,윗삼배,37.552167,128.004341,80499,2025-10-31
WJB258000500,삼배리,37.565476,128.002346,80500,2025-10-31
WJB258000501,청곡삼거리,37.564642,127.974108,80501,2025-10-31
WJB258000502,청곡삼거리,37.564586,127.973967,80502,2025-10-31
WJB258000503,어둔리,37.57676,127.970765,80503,2025-10-31
WJB258000504,어둔리,37.576779,127.970846,80504,2025-10-31
WJB258000505,어둔리종점,37.594306,127.970088,80505,2025-10-31
WJB258000506,요일농장,37.522686,127.94484,80506,2025-10-31
WJB258000507,요일농장,37.5228,127.944926,80507,2025-10-31
WJB258000508,주성EMD,37.525807,127.940298,80508,2025-10-31
WJB258000509,주성EMD,37.525727,127.940288,80509,2025-10-31
WJB258000510,넓은밭,37.526025,127.934899,80510,2025-10-31
WJB258000511,넓은밭,37.525941,127.934951,80511,2025-10-31
WJB258000512,초원정,37.524998,127.929847,80512,2025-10-31
WJB258000513,초원정,37.525082,127.929881,80513,2025-10-31
WJB258000514,초원1리마을회관,37.528169,127.924985,80514,2025-10-31
WJB258000515,초원1리마을회관,37.52807,127.924956,80515,2025-10-31
WJB251056018,단구사거리,37.324533,127.961236,56018,2025-10-31
WJB251056019,단구중학교,37.320889,127.957323,56019,2025-10-31
WJB251056020,단구중학교,37.321091,127.957488,56020,2025-10-31
WJB251056021,단구초등학교,37.322236,127.963377,56021,2025-10-31
WJB251056022,단구초등학교,37.322448,127.962672,56022,2025-10-31
WJB251056023,동보노빌리티정문,37.323715,127.937789,56023,2025-10-31
WJB251056024,동부교사거리,37.31743,127.970699,56024,2025-10-31
WJB251056025,동부교사거리,37.317503,127.97082,56025,2025-10-31
WJB251056026,동부교사거리,37.318295,127.969535,56026,2025-10-31
WJB251056027,동보타워골드,37.328881,127.952248,56027,2025-10-31
WJB251056028,두산아파트,37.326579,127.947275,56028,2025-10-31
WJB251056029,두산아파트,37.326443,127.947399,56029,2025-10-31
WJB251056030,박경리문학공원,37.322817,127.960043,56030,2025-10-31
WJB251056031,박경리문학공원,37.323026,127.959829,56031,2025-10-31
WJB251056032,병영교,37.322287,127.967761,56032,2025-10-31
WJB251056033,병영교,37.323833,127.967042,56033,2025-10-31
WJB251056034,보라매연립,37.328103,127.958797,56034,2025-10-31
WJB251056035,보라매연립,37.328053,127.95862,56035,2025-10-31
WJB251056036,삼우연립,37.331745,127.954658,56036,2025-10-31
WJB251056037,삼우연립,37.332186,127.954219,56037,2025-10-31
WJB251056038,선아아파트,37.330064,127.959314,56038,2025-10-31
WJB251056039,선아아파트,37.329541,127.95926,56039,2025-10-31
WJB251056040,성일아파트,37.321503,127.952043,56040,2025-10-31
WJB251056041,성일아파트,37.32154,127.952306,56041,2025-10-31
WJB251056042,신성미소지움,37.324948,127.959414,56042,2025-10-31
WJB251056043,오성마을,37.31999,127.950136,56043,2025-10-31
WJB251056044,오성마을,37.319415,127.951127,56044,2025-10-31
WJB251056045,원주중학교,37.336086,127.956852,56045,2025-10-31
WJB251056046,원주중학교,37.335853,127.956636,56046,2025-10-31
WJB251056047,월운정,37.326085,127.963986,56047,2025-10-31
WJB251056048,월운정,37.32623,127.964032,56048,2025-10-31
WJB251056049,유승아파트정문,37.319953,127.968455,56049,2025-10-31
WJB251056050,유승아파트정문,37.319989,127.968632,56050,2025-10-31
WJB251056051,장애인/노인종합복지관,37.318232,127.96799,56051,2025-10-31
WJB251056052,청솔3차아파트,37.321942,127.955988,56052,2025-10-31
WJB251056053,청솔3차아파트,37.322338,127.956511,56053,2025-10-31
WJB251056054,청솔4차아파트,37.320713,127.954507,56054,2025-10-31
WJB251056055,청솔4차아파트,37.320949,127.95421,56055,2025-10-31
WJB251056056,통일아파트,37.334231,127.957586,56056,2025-10-31
WJB251056057,통일아파트,37.334183,127.957309,56057,2025-10-31
WJB251056058,판부농협,37.32005,127.965873,56058,2025-10-31
WJB251056059,판부농협,37.319918,127.965667,56059,2025-10-31
WJB251056060,프리미엄아울렛,37.325639,127.957611,56060,2025-10-31
WJB251056061,한신2차아파트,37.329053,127.95239,56061,2025-10-31
WJB251056062,해청아파트,37.330152,127.95722,56062,2025-10-31
WJB251056063,해청아파트,37.330181,127.957386,56063,2025-10-31
WJB251056064,내안애카운티,37.320356,127.948219,56064,2025-10-31
WJB251056065,현진에버빌,37.323676,127.957629,56065,2025-10-31
WJB251056066,현진에버빌,37.324278,127.958121,56066,2025-10-31
WJB251056067,현진에버빌아파트,37.32373,127.957488,56067,2025-10-31
WJB251057001,YWCA,37.350356,127.944994,57001,2025-10-31
WJB251057002,YWCA,37.350455,127.944865,57002,2025-10-31
WJB251057003,국제아파트,37.348849,127.937815,57003,2025-10-31
WJB251057004,성원아파트,37.342374,127.941345,57004,2025-10-31
WJB251057005,성원아파트,37.342645,127.941989,57005,2025-10-31
WJB251057006,원일로 중앙시장,37.350376,127.9481,57006,2025-10-31
WJB251057007,지하상가,37.351015,127.946967,57007,2025-10-31
WJB251057008,학성중학교정문,37.348811,127.940604,57008,2025-10-31
WJB251057009,학성중학교정문,37.348935,127.94053,57009,2025-10-31
WJB251057010,학성중학교후문,37.350363,127.939341,57010,2025-10-31
WJB251058001,단계사거리,37.357528,127.936711,58001,2025-10-31
WJB251058002,단계사거리,37.357486,127.936924,58002,2025-10-31
WJB251058003,법웅사,37.357065,127.938957,58003,2025-10-31
WJB251058004,법웅사,37.356793,127.938186,58004,2025-10-31
WJB251058005,상록아파트,37.374271,127.950694,58005,2025-10-31
WJB251058006,상록아파트,37.374426,127.951176,58006,2025-10-31
WJB251058007,역전삼거리,37.356413,127.941991,58007,2025-10-31
WJB251058008,역전삼거리,37.355941,127.942534,58008,2025-10-31
WJB251058009,원주세무서,37.354078,127.935281,58009,2025-10-31
WJB251058010,옛원주역,37.356321,127.945052,58010,2025-10-31
WJB251058011,옛원주역,37.355401,127.944446,58011,2025-10-31
WJB251058012,원주가톨릭병원,37.353662,127.941688,58012,2025-10-31
WJB251058013,원주가톨릭병원,37.354098,127.941786,58013,2025-10-31
WJB251058014,이은찬의병장공원,37.354806,127.946779,58014,2025-10-31
WJB251058015,지하상가,37.352254,127.946697,58015,2025-10-31
WJB251058016,학성중학교후문,37.35061,127.939251,58016,2025-10-31
WJB251058017,구 학성초등학교,37.353735,127.951865,58017,2025-10-31
WJB251060001,AK플라자,37.345417,127.927087,60001,2025-10-31
WJB251060002,e편한세상아파트,37.3509,127.928627,60002,2025-10-31
WJB251060003,SK텔레콤원주지점,37.344972,127.928344,60003,2025-10-31
WJB251060004,농산물도매시장,37.355962,127.923136,60004,2025-10-31
WJB251060005,농산물도매시장,37.352706,127.92273,60005,2025-10-31
WJB251060006,농산물도매시장후문,37.352966,127.923087,60006,2025-10-31
WJB251060007,우산덕원아파트,37.362311,127.936153,60007,2025-10-31
WJB251060008,학성근린공원,37.354991,127.935684,60008,2025-10-31
WJB251060009,단계삼익아파트,37.349801,127.929033,60009,2025-10-31
WJB251060010,꿈드림새마을금고,37.356487,127.93434,60010,2025-10-31
WJB251060011,꿈드림새마을금고,37.356686,127.935064,60011,2025-10-31
WJB251060012,단계아파트,37.342695,127.935029,60012,2025-10-31
WJB258000516,새원,37.52731,127.917625,80516,2025-10-31
WJB258000517,새원,37.52723,127.917653,80517,2025-10-31
WJB258000518,새터,37.526737,127.905443,80518,2025-10-31
WJB258000519,새터,37.526743,127.904704,80519,2025-10-31
WJB258000520,상하터,37.527394,127.897686,80520,2025-10-31
WJB258000521,상하터,37.527204,127.896669,80521,2025-10-31
WJB258000522,밤골,37.529205,127.89116,80522,2025-10-31
WJB258000523,밤골,37.529133,127.891155,80523,2025-10-31
WJB258000524,복지골,37.52667,127.885948,80524,2025-10-31
WJB258000525,복지골,37.527065,127.884748,80525,2025-10-31
WJB258000526,유현초등학교,37.525958,127.87803,80526,2025-10-31
WJB258000527,유현초등학교,37.526042,127.878017,80527,2025-10-31
WJB258000528,연내골,37.525288,127.867509,80528,2025-10-31
WJB258000529,연내골,37.52536,127.867586,80529,2025-10-31
WJB258000530,느르개,37.526815,127.850158,80530,2025-10-31
WJB258000531,느르개,37.526716,127.849185,80531,2025-10-31
WJB258000532,옥스필드골프장,37.52681,127.845455,80532,2025-10-31
WJB258000533,옥스필드골프장,37.526892,127.84483,80533,2025-10-31
WJB258000534,떡갈매기,37.527948,127.838052,80534,2025-10-31
WJB258000535,떡갈매기,37.528021,127.838043,80535,2025-10-31
WJB258000536,삼두목장,37.526487,127.829521,80536,2025-10-31
WJB258000537,삼두목장,37.526404,127.82953,80537,2025-10-31
WJB258000538,경진목장,37.527176,127.823409,80538,2025-10-31
WJB258000539,경진목장,37.527264,127.823433,80539,2025-10-31
WJB258000540,풍수원입구,37.527682,127.819199,80540,2025-10-31
WJB258000541,풍수원입구,37.527315,127.818874,80541,2025-10-31
WJB258000542,풍수원,37.527536,127.816708,80542,2025-10-31
WJB258000543,풍수원,37.52736,127.81685,80543,2025-10-31
WJB258000544,큰가래나무골,37.51662,127.80006,80544,2025-10-31
WJB258000545,큰가래나무골,37.516589,127.800203,80545,2025-10-31
WJB258000546,석화3리,37.489729,127.803185,80546,2025-10-31
WJB258000547,석화3리,37.48979,127.803347,80547,2025-10-31
WJB258000548,석화3리마을회관,37.487354,127.805149,80548,2025-10-31
WJB258000549,석화3리마을회관,37.487483,127.805235,80549,2025-10-31
WJB258000550,약사전,37.479901,127.827467,80550,2025-10-31
WJB258000551,약사전,37.480022,127.827477,80551,2025-10-31
WJB258000552,서원중학교,37.486579,127.84715,80552,2025-10-31
WJB258000553,서원초등학교,37.486657,127.850791,80553,2025-10-31
WJB258000554,창촌리,37.486591,127.853832,80554,2025-10-31
WJB258000555,창촌2리경로당,37.488451,127.86175,80555,2025-10-31
WJB258000556,창촌2리경로당,37.488497,127.861684,80556,2025-10-31
WJB258000557,창촌2리,37.491958,127.8653,80557,2025-10-31
WJB258000558,창촌2리,37.492019,127.865253,80558,2025-10-31
WJB258000559,서원농협제1공장,37.493901,127.868585,80559,2025-10-31
WJB258000560,서원농협제1공장,37.493992,127.868595,80560,2025-10-31
WJB258000561,덕고개,37.489652,127.882339,80561,2025-10-31
WJB258000562,압실,37.491119,127.887801,80562,2025-10-31
WJB258000563,압실,37.491222,127.887801,80563,2025-10-31
WJB258000564,성우파이프,37.486334,127.90102,80564,2025-10-31
WJB258000565,성우파이프,37.486379,127.90103,80565,2025-10-31
WJB258000566,수동,37.480936,127.903132,80566,2025-10-31
WJB258000567,수동,37.480993,127.90317,80567,2025-10-31
WJB258000568,수동.박쥐교,37.484957,127.905985,80568,2025-10-31
WJB258000569,수동.박쥐교,37.48495,127.905899,80569,2025-10-31
WJB258000570,축산폐수처리장,37.49028,127.904655,80570,2025-10-31
WJB258000571,축산폐수처리장,37.490265,127.904569,80571,2025-10-31
WJB258000572,금대리,37.496695,127.905214,80572,2025-10-31
WJB258000573,금대리,37.496703,127.905147,80573,2025-10-31
WJB258000574,석자동,37.505581,127.90407,80574,2025-10-31
WJB258000575,석자동,37.505574,127.903979,80575,2025-10-31
WJB258000576,샘골,37.509797,127.90105,80576,2025-10-31
WJB258000577,샘골,37.509748,127.901007,80577,2025-10-31
WJB258000578,그린켐,37.512739,127.894971,80578,2025-10-31
WJB258000579,그린켐,37.512697,127.894909,80579,2025-10-31
WJB258000580,오상동,37.516038,127.88998,80580,2025-10-31
WJB258000581,오상동,37.51597,127.889913,80581,2025-10-31
WJB258000582,유현3리,37.522052,127.886596,80582,2025-10-31
WJB258000583,유현3리,37.522052,127.886534,80583,2025-10-31
WJB258000584,학담리,37.531959,127.941741,80584,2025-10-31
WJB258000585,학담리,37.531838,127.941693,80585,2025-10-31
WJB258000586,학담리,37.530188,127.95421,80586,2025-10-31
WJB258000587,학담리,37.530127,127.954305,80587,2025-10-31
WJB258000588,석화2리마을회관,37.475204,127.837309,80588,2025-10-31
WJB258000589,석화2리,37.472879,127.836749,80589,2025-10-31
WJB258000590,사절리,37.460553,127.843962,80590,2025-10-31
WJB258000591,옥계2리,37.450895,127.852041,80591,2025-10-31
WJB258000592,석화1리,37.461452,127.812011,80592,2025-10-31
WJB258000593,석화1리,37.461373,127.812044,80593,2025-10-31
WJB258000594,석화수련의집,37.458788,127.810999,80594,2025-10-31
WJB258000595,거실치,37.491665,127.778888,80595,2025-10-31
WJB258000596,대산,37.421447,127.858674,80596,2025-10-31
WJB258000597,대산마을농촌체험관,37.419143,127.861078,80597,2025-10-31
WJB258000598,대산쉼터,37.414912,127.865908,80598,2025-10-31
WJB258000599,옥계,37.406941,127.867246,80599,2025-10-31
WJB258000600,구미,37.401344,127.871984,80600,2025-10-31
WJB258000601,월송리,37.401533,127.874557,80601,2025-10-31
WJB258000602,송정,37.394481,127.880907,80602,2025-10-31
WJB258000606,물구리,37.41413,127.879383,80606,2025-10-31
WJB258000607,주산교,37.41353,127.91994,80607,2025-10-31
WJB258000608,물구리,37.412737,127.877003,80608,2025-10-31
WJB258000609,안흥5리,37.421589,128.163245,80609,2025-10-31
WJB258000610,안흥5리,37.421623,128.16316,80610,2025-10-31
WJB258000611,지구리마을회관,37.42847,128.16907,80611,2025-10-31
WJB251060013,단계아파트,37.342754,127.934463,60013,2025-10-31
WJB251060014,단계은행아파트,37.355821,127.931458,60014,2025-10-31
WJB251060015,단계은행아파트,37.356097,127.931429,60015,2025-10-31
WJB251060016,단계현대아파트,37.356891,127.928246,60016,2025-10-31
WJB251060017,단계현대아파트,37.356941,127.928399,60017,2025-10-31
WJB251060018,단계현진아파트,37.354996,127.928417,60018,2025-10-31
WJB251060019,단계현진아파트,37.354838,127.928112,60019,2025-10-31
WJB251060020,롯데아파트,37.351976,127.929768,60020,2025-10-31
WJB251060021,롯데아파트,37.35273,127.928296,60021,2025-10-31
WJB251060022,롯데아파트,37.352893,127.928564,60022,2025-10-31
WJB251060023,롯데아파트앞,37.351869,127.929221,60023,2025-10-31
WJB251060024,무상마을,37.355989,127.927422,60024,2025-10-31
WJB251060025,백간공원,37.348298,127.924776,60025,2025-10-31
WJB251060026,백간공원,37.348773,127.924944,60026,2025-10-31
WJB251060027,벽산아파트,37.35193,127.93285,60027,2025-10-31
WJB251060028,장미아파트,37.352006,127.932054,60028,2025-10-31
WJB251060029,금불사거리,37.347419,127.928745,60029,2025-10-31
WJB251060030,금불사거리,37.347279,127.928559,60030,2025-10-31
WJB251060031,봉화산주공아파트,37.351745,127.925745,60031,2025-10-31
WJB251060032,봉화산주공아파트,37.351902,127.925774,60032,2025-10-31
WJB251060033,사랑의집,37.358943,127.919957,60033,2025-10-31
WJB251060034,서원중학교,37.486625,127.84666,60034,2025-10-31
WJB251060035,서원주유소,37.348037,127.935325,60035,2025-10-31
WJB251060036,시외.고속버스터미널,37.344006,127.930708,60036,2025-10-31
WJB251060037,시외.고속버스터미널,37.344258,127.930818,60037,2025-10-31
WJB251060038,원예하나로마트,37.34068,127.939381,60038,2025-10-31
WJB251060039,원예하나로마트,37.340782,127.939112,60039,2025-10-31
WJB251060040,원주교도소,37.340576,127.931884,60040,2025-10-31
WJB251060041,청소년수련관,37.341283,127.936106,60041,2025-10-31
WJB251060042,코오롱아파트,37.342926,127.927049,60042,2025-10-31
WJB251060043,코오롱아파트정문,37.343356,127.927554,60043,2025-10-31
WJB251060044,원주교육문화관,37.351495,127.934542,60044,2025-10-31
WJB251060045,평원중학교,37.338626,127.93697,60045,2025-10-31
WJB251060046,하나로마트,37.340475,127.937615,60046,2025-10-31
WJB251060047,옛합동청사,37.34592,127.934027,60047,2025-10-31
WJB251060048,옛합동청사,37.345628,127.933472,60048,2025-10-31
WJB251061002,부대앞,37.388215,127.942829,61002,2025-10-31
WJB251061003,부대앞,37.388105,127.943011,61003,2025-10-31
WJB251061004,가현종점,37.394058,127.939806,61004,2025-10-31
WJB251061005,가현동,37.386249,127.94297,61005,2025-10-31
WJB251061006,북원중학교,37.386625,127.947941,61006,2025-10-31
WJB251061007,북원중학교,37.387411,127.94837,61007,2025-10-31
WJB251061008,웃골,37.387462,127.921474,61008,2025-10-31
WJB251061009,점실,37.391566,127.931842,61009,2025-10-31
WJB251061010,점실,37.38985,127.931153,61010,2025-10-31
WJB251061011,KT지사,37.360224,127.940463,61011,2025-10-31
WJB251061012,KT지사,37.359975,127.940947,61012,2025-10-31
WJB251061013,강원정비기술학원,37.366671,127.940427,61013,2025-10-31
WJB251061014,농협사료원주공장,37.378515,127.939031,61014,2025-10-31
WJB251061015,농협사료원주공장,37.378923,127.938896,61015,2025-10-31
WJB251061016,단계이안아파트,37.36136,127.934302,61016,2025-10-31
WJB251061017,대동택시,37.364863,127.938406,61017,2025-10-31
WJB251061018,대동택시,37.36466,127.938971,61018,2025-10-31
WJB251061019,동보아파트,37.374832,127.938854,61019,2025-10-31
WJB251061021,동우아파트,37.36545,127.935839,61021,2025-10-31
WJB251061022,동우아파트,37.365766,127.936062,61022,2025-10-31
WJB251061023,북원교,37.376822,127.944688,61023,2025-10-31
WJB251061024,북원교,37.376879,127.944912,61024,2025-10-31
WJB251061025,강원도경제진흥원,37.380659,127.94122,61025,2025-10-31
WJB251061026,강원도경제진흥원,37.381168,127.940176,61026,2025-10-31
WJB251061027,삼한주유소,37.367639,127.940819,61027,2025-10-31
WJB251061028,상지대입구,37.370118,127.9371,61028,2025-10-31
WJB251061029,상지대학교,37.369303,127.936719,61029,2025-10-31
WJB251061030,우두산마을,37.381166,127.935817,61030,2025-10-31
WJB251061031,우두산마을,37.381005,127.935822,61031,2025-10-31
WJB251061032,우리병원,37.374563,127.943392,61032,2025-10-31
WJB251061033,우산공단사거리,37.375411,127.938306,61033,2025-10-31
WJB251061034,우산공단사거리,37.375488,127.938101,61034,2025-10-31
WJB251061035,우산119안전센터,37.374478,127.941448,61035,2025-10-31
WJB251061036,우산119안전센터,37.374294,127.941344,61036,2025-10-31
WJB251061037,우산어린이집,37.381486,127.937642,61037,2025-10-31
WJB251061038,우산어린이집,37.381611,127.937649,61038,2025-10-31
WJB251061039,우산철교(폴리텍대학),37.360176,127.939207,61039,2025-10-31
WJB251061040,우산철교(폴리텍대학),37.3604,127.939721,61040,2025-10-31
WJB251061041,우산초교,37.368316,127.936467,61041,2025-10-31
WJB251061042,우산초교,37.368297,127.936698,61042,2025-10-31
WJB251061043,원주원예농협,37.367462,127.937998,61043,2025-10-31
WJB251061044,원주원예농협,37.367581,127.938493,61044,2025-10-31
WJB251061045,진광중고등학교,37.371896,127.937325,61045,2025-10-31
WJB251061046,진광중고등학교,37.372601,127.937731,61046,2025-10-31
WJB251061047,한라비발디2차정문,37.36316,127.931551,61047,2025-10-31
WJB251061048,한라비발디아파트,37.362181,127.931864,61048,2025-10-31
WJB251061049,한라비발디후문,37.364566,127.933214,61049,2025-10-31
WJB251061050,현대자동차(상공회의소),37.371288,127.941497,61050,2025-10-31
WJB251061051,우리병원,37.373446,127.943021,61051,2025-10-31
WJB251061052,현대자동차(상공회의소),37.371989,127.942157,61052,2025-10-31
WJB251063002,KBS송신소,37.359361,127.954559,63002,2025-10-31
WJB251063003,36사단정문,37.383707,127.967637,63003,2025-10-31
WJB251063004,행복주택8단지,37.371356,127.96619,63004,2025-10-31
WJB258000612,지구리마을회관,37.428573,128.169071,80612,2025-10-31
WJB258000613,못두둑,37.429285,128.172855,80613,2025-10-31
WJB258000614,못두둑,37.429368,128.172832,80614,2025-10-31
WJB258000615,지구2리,37.431117,128.176592,80615,2025-10-31
WJB258000616,지구2리,37.431167,128.176502,80616,2025-10-31
WJB258000617,대성메디아,37.444106,128.181245,80617,2025-10-31
WJB258000618,하영랑,37.447823,128.182299,80618,2025-10-31
WJB258000619,하영랑,37.447812,128.182175,80619,2025-10-31
WJB258000620,대성메디아,37.444126,128.181136,80620,2025-10-31
WJB258000621,성산리,37.450153,128.181362,80621,2025-10-31
WJB258000622,성산리,37.450169,128.181248,80622,2025-10-31
WJB258000623,성산삼거리,37.456457,128.182039,80623,2025-10-31
WJB258000624,성산삼거리,37.456528,128.181907,80624,2025-10-31
WJB258000625,영랑리,37.460707,128.187234,80625,2025-10-31
WJB258000626,영랑리,37.460716,128.187101,80626,2025-10-31
WJB258000627,영호분교,37.465452,128.190509,80627,2025-10-31
WJB258000628,영호분교,37.46551,128.190386,80628,2025-10-31
WJB258000629,영랑교,37.467003,128.195018,80629,2025-10-31
WJB258000630,영랑교,37.467094,128.195009,80630,2025-10-31
WJB258000631,조항1리,37.475986,128.200506,80631,2025-10-31
WJB258000632,조항1리,37.475973,128.200616,80632,2025-10-31
WJB258000633,조항2리마을회관,37.472785,128.219473,80633,2025-10-31
WJB258000634,조항2리마을회관,37.472897,128.219408,80634,2025-10-31
WJB258000635,둔방2리,37.495261,128.203025,80635,2025-10-31
WJB258000636,둔방2리,37.495309,128.202922,80636,2025-10-31
WJB258000637,둔방2리.새터,37.502976,128.207168,80637,2025-10-31
WJB258000638,둔방2리.새터,37.502976,128.207051,80638,2025-10-31
WJB258000639,둔내버스터미널,37.513601,128.213156,80639,2025-10-31
WJB258000640,둔내농협,37.511468,128.218846,80640,2025-10-31
WJB258000641,자포곡2리,37.514781,128.239739,80641,2025-10-31
WJB258000642,자포곡리,37.514815,128.242157,80642,2025-10-31
WJB258000643,삽교2리,37.523295,128.274595,80643,2025-10-31
WJB258000644,삽교1리종점,37.539838,128.256775,80644,2025-10-31
WJB258000645,삽교리,37.533445,128.247017,80645,2025-10-31
WJB258000646,석문2리,37.532727,128.227632,80646,2025-10-31
WJB258000647,석문1리,37.529536,128.222664,80647,2025-10-31
WJB258000648,석문리,37.523517,128.21724,80648,2025-10-31
WJB258000649,둔내농협,37.511316,128.218826,80649,2025-10-31
WJB258000650,자포곡2리,37.514705,128.239729,80650,2025-10-31
WJB258000651,자포곡리,37.514728,128.242161,80651,2025-10-31
WJB258000652,삽교2리,37.523075,128.274669,80652,2025-10-31
WJB258000653,삽교1리종점,37.539944,128.256757,80653,2025-10-31
WJB258000654,삽교리,37.533559,128.247037,80654,2025-10-31
WJB258000655,석문2리,37.532796,128.227566,80655,2025-10-31
WJB258000656,석문1리,37.529582,128.22256,80656,2025-10-31
WJB258000657,석문리,37.523541,128.217078,80657,2025-10-31
WJB258000658,두원리,37.499155,128.237997,80658,2025-10-31
WJB258000659,두원리,37.499125,128.237906,80659,2025-10-31
WJB258000660,두원2리.미약골,37.49498,128.252818,80660,2025-10-31
WJB258000661,우용1리마을회관,37.495566,128.208123,80661,2025-10-31
WJB258000662,우용1리마을회관,37.495608,128.208028,80662,2025-10-31
WJB258000663,우위골,37.495501,128.212642,80663,2025-10-31
WJB258000664,우위골,37.495584,128.212629,80664,2025-10-31
WJB258000665,당산저수지,37.49617,128.219367,80665,2025-10-31
WJB258000666,당산저수지,37.496112,128.219624,80666,2025-10-31
WJB258000667,우용2리,37.491244,128.230295,80667,2025-10-31
WJB258000668,우용2리,37.491339,128.230334,80668,2025-10-31
WJB258000669,우용종점,37.489611,128.236247,80669,2025-10-31
WJB258000670,만물공업사,37.518492,128.213887,80670,2025-10-31
WJB258000671,만물공업사,37.518512,128.213748,80671,2025-10-31
WJB258000672,마암1리,37.534427,128.213605,80672,2025-10-31
WJB258000673,마암1리,37.534464,128.213775,80673,2025-10-31
WJB258000674,마암2리,37.537555,128.218128,80674,2025-10-31
WJB258000675,마암2리,37.537558,128.218276,80675,2025-10-31
WJB258000676,마암2리마을회관,37.548047,128.213834,80676,2025-10-31
WJB258000677,마암2리마을회관,37.548177,128.213764,80677,2025-10-31
WJB258000678,마암삼거리,37.551376,128.215546,80678,2025-10-31
WJB258000679,마암삼거리,37.551415,128.215436,80679,2025-10-31
WJB258000680,화동1리,37.562026,128.222777,80680,2025-10-31
WJB258000681,화동1리,37.562084,128.222678,80681,2025-10-31
WJB258000682,덕성초교,37.566162,128.226712,80682,2025-10-31
WJB258000683,덕성초교,37.566581,128.227112,80683,2025-10-31
WJB258000684,화동1리,37.569799,128.230694,80684,2025-10-31
WJB258000685,화동1리,37.569906,128.230686,80685,2025-10-31
WJB258000686,화동리,37.570624,128.234415,80686,2025-10-31
WJB258000687,화동리,37.570704,128.234369,80687,2025-10-31
WJB258000688,화동2리,37.577083,128.243877,80688,2025-10-31
WJB258000689,화동2리,37.577179,128.24385,80689,2025-10-31
WJB258000690,화동종점,37.576511,128.251718,80690,2025-10-31
WJB258000691,섬강아파트,37.495275,127.981831,80691,2025-10-31
WJB258000692,상대리종점,37.461784,128.106958,80692,2025-10-31
WJB258000693,영영포리입구,37.500112,128.035467,80693,2025-10-31
WJB258000694,영영포리,37.502942,128.03296,80694,2025-10-31
WJB258000695,점말,37.520307,128.022974,80695,2025-10-31
WJB258000696,점말,37.520356,128.02306,80696,2025-10-31
WJB258000697,마옥저수지,37.524066,128.020839,80697,2025-10-31
WJB258000698,마옥저수지,37.524111,128.020949,80698,2025-10-31
WJB258000699,송전리,37.537651,128.024482,80699,2025-10-31
WJB258000700,송전리,37.537634,128.024297,80700,2025-10-31
WJB258000701,송전리마을회관.수자원공사,37.534883,128.025677,80701,2025-10-31
WJB258000702,송전리마을회관.수자원공사,37.534836,128.025532,80702,2025-10-31
WJB258000703,송전리.송앞마을,37.532662,128.022469,80703,2025-10-31
WJB251063005,행복주택8단지,37.370817,127.965502,63005,2025-10-31
WJB251063006,과학고등학교,37.375983,127.970147,63006,2025-10-31
WJB251063007,강원과학고등학교,37.376426,127.970479,63007,2025-10-31
WJB251063008,금광포란재아파트,37.376239,127.954733,63008,2025-10-31
WJB251063009,두진백로아파트,37.383203,127.953526,63009,2025-10-31
WJB251063010,두진아파트앞,37.38307,127.953729,63010,2025-10-31
WJB251063011,태장농공단지,37.402079,127.953695,63011,2025-10-31
WJB251063012,태장1동성당,37.35751,127.957005,63012,2025-10-31
WJB251063013,새마을회관,37.357371,127.955189,63013,2025-10-31
WJB251063014,새마을회관,37.357507,127.954684,63014,2025-10-31
WJB251063015,태장1동행정문화복합센터,37.363356,127.96279,63015,2025-10-31
WJB251063016,성호샤인힐즈,37.362938,127.960001,63016,2025-10-31
WJB251063017,성호아파트,37.362819,127.962051,63017,2025-10-31
WJB251063018,칸타빌더포레스트,37.369349,127.961127,63018,2025-10-31
WJB251063019,칸타빌더포레스트,37.36914,127.960497,63019,2025-10-31
WJB251063020,안흥한의원,37.382965,127.948199,63020,2025-10-31
WJB251063021,안흥한의원,37.382941,127.949022,63021,2025-10-31
WJB251063022,약수터,37.383523,127.961464,63022,2025-10-31
WJB251063023,KGC인삼공사원주공장,37.406972,127.956608,63023,2025-10-31
WJB251063024,KGC인삼공사원주공장,37.407026,127.956425,63024,2025-10-31
WJB251063025,영진아파트,37.36762,127.950956,63025,2025-10-31
WJB251063026,영진아파트,37.368101,127.950774,63026,2025-10-31
WJB251063027,우성2차아파트,37.380645,127.948049,63027,2025-10-31
WJB251063028,우성아파트,37.396248,127.951507,63028,2025-10-31
WJB251063029,우성아파트,37.396215,127.951791,63029,2025-10-31
WJB251063030,원주교통카드사업소,37.354068,127.954947,63030,2025-10-31
WJB251063031,원주교통카드사업소,37.354131,127.955244,63031,2025-10-31
WJB251063032,한국도로공사,37.400284,127.952896,63032,2025-10-31
WJB251063033,장양초등학교,37.399388,127.952816,63033,2025-10-31
WJB251063035,정암아파트,37.383436,127.957931,63035,2025-10-31
WJB251063036,정암아파트,37.383288,127.957496,63036,2025-10-31
WJB251063037,태장1동성당,37.357281,127.957114,63037,2025-10-31
WJB251063038,가매기사거리,37.355741,127.956034,63038,2025-10-31
WJB251063039,가매기사거리,37.355721,127.955762,63039,2025-10-31
WJB251063040,태장2동,37.384798,127.947757,63040,2025-10-31
WJB251063041,태장2동,37.384175,127.947292,63041,2025-10-31
WJB251063042,태장2동주민센터,37.382439,127.951056,63042,2025-10-31
WJB251063043,태장농공단지,37.403551,127.947591,63043,2025-10-31
WJB251063044,태장동보렉스,37.361264,127.960877,63044,2025-10-31
WJB251063045,동보렉스아파트,37.361012,127.960904,63045,2025-10-31
WJB251063046,행복한마트,37.380531,127.947766,63046,2025-10-31
WJB251063047,태장주공2단지,37.385284,127.954891,63047,2025-10-31
WJB251063048,태장주공1단지,37.385438,127.95494,63048,2025-10-31
WJB251063049,태장주공4단지,37.385368,127.9566,63049,2025-10-31
WJB251063050,태장주공아파트,37.384536,127.953008,63050,2025-10-31
WJB251063051,태장주공아파트,37.3847,127.953244,63051,2025-10-31
WJB251063052,태장중학교,37.359083,127.958432,63052,2025-10-31
WJB251063053,태장중학교,37.359011,127.958599,63053,2025-10-31
WJB251063054,태장초등학교,37.377151,127.949716,63054,2025-10-31
WJB251063055,태장초등학교,37.377783,127.949669,63055,2025-10-31
WJB251063056,태장현대아파트입구,37.36146,127.954069,63056,2025-10-31
WJB251063057,태장현대아파트입구,37.361273,127.954397,63057,2025-10-31
WJB251063058,흥화브라운빌,37.361385,127.956945,63058,2025-10-31
WJB251063059,태장현대아파트정문,37.361865,127.958705,63059,2025-10-31
WJB251063060,한일주유소,37.381148,127.946541,63060,2025-10-31
WJB251063061,태장삼거리,37.38094,127.946799,63061,2025-10-31
WJB251063062,현충탑,37.363758,127.952739,63062,2025-10-31
WJB251063063,현충탑,37.363762,127.952245,63063,2025-10-31
WJB251064001,능골종점,37.362147,127.98467,64001,2025-10-31
WJB251064002,동신아파트,37.341923,127.968585,64002,2025-10-31
WJB251064003,동신아파트,37.34205,127.968598,64003,2025-10-31
WJB251064004,배말타운,37.350253,127.956087,64004,2025-10-31
WJB251064005,배말타운,37.350456,127.956188,64005,2025-10-31
WJB251064007,번재,37.363441,127.977681,64007,2025-10-31
WJB251064008,번재소류지,37.364695,127.978215,64008,2025-10-31
WJB251064010,번재,37.361875,127.976859,64010,2025-10-31
WJB251064011,번재삼거리,37.358916,127.976757,64011,2025-10-31
WJB251064012,봉산삼익아파트,37.341722,127.965683,64012,2025-10-31
WJB251064013,봉산삼익아파트,37.341803,127.965167,64013,2025-10-31
WJB251064014,봉산천주교,37.34474,127.964756,64014,2025-10-31
WJB251064015,봉산천주교,37.344625,127.964607,64015,2025-10-31
WJB251064016,살대울,37.34991,127.974912,64016,2025-10-31
WJB251064017,살대울,37.352198,127.974818,64017,2025-10-31
WJB251064018,역사박물관,37.343523,127.966621,64018,2025-10-31
WJB251064019,아래화실,37.348225,127.978337,64019,2025-10-31
WJB251064020,봉산동현대아파트,37.346325,127.961511,64020,2025-10-31
WJB251064021,봉산동현대아파트,37.346346,127.961159,64021,2025-10-31
WJB251064022,원주역사박물관,37.342973,127.967412,64022,2025-10-31
WJB251064024,철다리,37.355796,127.975959,64024,2025-10-31
WJB251064025,효성백년가약아파트,37.345006,127.972622,64025,2025-10-31
WJB251064026,너르네사거리,37.342222,127.972658,64026,2025-10-31
WJB251064027,원주초등학교,37.347258,127.957734,64027,2025-10-31
WJB251064028,원주초등학교,37.347262,127.957948,64028,2025-10-31
WJB251066001,거름터,37.349881,127.999376,66001,2025-10-31
WJB251066002,거름터,37.349838,127.999871,66002,2025-10-31
WJB251066003,건영아파트,37.34276,127.987427,66003,2025-10-31
WJB251066004,건영아파트,37.342935,127.987019,66004,2025-10-31
WJB251066005,국형사,37.335431,128.011194,66005,2025-10-31
WJB251066006,너르네,37.342298,127.972151,66006,2025-10-31
WJB258000704,송전리.송앞마을,37.532757,128.022464,80704,2025-10-31
WJB258000709,구방2리,37.53175,128.069639,80709,2025-10-31
WJB258000710,월현1리,37.350787,128.173312,80710,2025-10-31
WJB258000711,오지올,37.588245,127.860156,80711,2025-10-31
WJB258000712,안흥중고교,37.411745,128.153894,80712,2025-10-31
WJB258000713,하궁리,37.497884,128.12223,80713,2025-10-31
WJB258000714,상대리다리,37.453297,128.079409,80714,2025-10-31
WJB258000715,줄봉입구,37.435703,128.112779,80715,2025-10-31
WJB258000716,한국골프대학교,37.467039,128.076041,80716,2025-10-31
WJB258000717,청용낚시터,37.467497,127.984603,80717,2025-10-31
WJB258000720,문재,37.421844,128.234843,80720,2025-10-31
WJB258000721,응향원,37.34269,128.168926,80721,2025-10-31
WJB258000722,부곡2리,37.330009,128.085549,80722,2025-10-31
WJB258000723,다리골,37.410323,128.15499,80723,2025-10-31
WJB258000724,하궁2리회관,37.499458,128.119542,80724,2025-10-31
WJB258000725,상대리마을회관,37.450672,128.08478,80725,2025-10-31
WJB258000726,며낙골,37.450458,128.094509,80726,2025-10-31
WJB258000727,하대리,37.460741,128.083824,80727,2025-10-31
WJB258000728,송호대학입구,37.477051,127.996452,80728,2025-10-31
WJB258000740,태장농공단지,37.403263,127.947699,80740,2025-10-31
WJB258000741,상촌,37.40108,127.967501,80741,2025-10-31
WJB258000742,돌모루,37.386029,127.977739,80742,2025-10-31
WJB258000743,수암4리,37.412474,127.997406,80743,2025-10-31
WJB258000744,부채고개,37.414814,127.999194,80744,2025-10-31
WJB258000746,대동,37.432693,128.018455,80746,2025-10-31
WJB258000747,밤나무정(중장비시험장),37.4376,128.02412,80747,2025-10-31
WJB258000748,이리실,37.440641,128.037659,80748,2025-10-31
WJB258000749,원고개,37.440028,128.046154,80749,2025-10-31
WJB258000750,학곡,37.440392,128.043765,80750,2025-10-31
WJB258000751,학곡저수지앞,37.440144,128.053274,80751,2025-10-31
WJB258000752,학곡보건소앞,37.437093,128.057002,80752,2025-10-31
WJB258000753,백교,37.429586,128.058946,80753,2025-10-31
WJB258000754,원주한지공예관,37.425886,128.056303,80754,2025-10-31
WJB258000755,수철마을,37.422887,128.05176,80755,2025-10-31
WJB258000756,구룡사제1주차장,37.419058,128.051584,80756,2025-10-31
WJB258000757,치악산관리사무소후문,37.412309,128.049525,80757,2025-10-31
WJB258000758,양촌,37.42199,127.966185,80758,2025-10-31
WJB258000759,새섬배,37.41963,127.982089,80759,2025-10-31
WJB258000760,양촌,37.421839,127.966113,80760,2025-10-31
WJB258000761,양촌,37.420976,127.968637,80761,2025-10-31
WJB258000762,윗섬배,37.419102,127.991546,80762,2025-10-31
WJB258000763,직산교,37.380017,127.999729,80763,2025-10-31
WJB258000764,하초구,37.379633,128.002502,80764,2025-10-31
WJB258000766,가곡삼거리,37.376222,127.878283,80766,2025-10-31
WJB258000767,가곡삼거리,37.376017,127.878324,80767,2025-10-31
WJB258000768,도오계,37.375977,127.871987,80768,2025-10-31
WJB258000769,도오계,37.375755,127.872125,80769,2025-10-31
WJB258000770,가곡,37.371455,127.868334,80770,2025-10-31
WJB258000771,가곡,37.371649,127.868082,80771,2025-10-31
WJB258000772,가곡1리,37.36622,127.86418,80772,2025-10-31
WJB258000773,핏골입구,37.363922,127.862821,80773,2025-10-31
WJB258000774,새말,37.363386,127.862905,80774,2025-10-31
WJB258000775,가곡리,37.359823,127.86018,80775,2025-10-31
WJB258000776,가곡정류장,37.357189,127.859353,80776,2025-10-31
WJB258000777,가곡정류장,37.357162,127.859472,80777,2025-10-31
WJB258000778,자갑동,37.353007,127.858399,80778,2025-10-31
WJB258000779,지정초등학교,37.347088,127.846922,80779,2025-10-31
WJB258000780,노루골,37.35358,127.844062,80780,2025-10-31
WJB258000781,곤충마을,37.355308,127.844079,80781,2025-10-31
WJB258000783,레일파크,37.36315,127.837721,80783,2025-10-31
WJB258000784,요동,37.347276,127.887328,80784,2025-10-31
WJB258000785,질마재,37.351075,127.873147,80785,2025-10-31
WJB258000786,초가삼간,37.35289,127.870019,80786,2025-10-31
WJB258000787,가곡2리,37.357109,127.872853,80787,2025-10-31
WJB258000788,죽림사,37.373614,127.863481,80788,2025-10-31
WJB258000789,죽림사,37.373782,127.863654,80789,2025-10-31
WJB258000790,송호사거리,37.383269,127.859337,80790,2025-10-31
WJB258000791,송호사거리,37.383252,127.85918,80791,2025-10-31
WJB258000792,송호마을,37.388647,127.860239,80792,2025-10-31
WJB258000793,한솔교,37.392541,127.852739,80793,2025-10-31
WJB258000794,한솔교,37.392537,127.852849,80794,2025-10-31
WJB258000795,월송기도원,37.399207,127.843091,80795,2025-10-31
WJB258000796,월송기도원,37.39918,127.842983,80796,2025-10-31
WJB258000797,월송3리,37.40469,127.842102,80797,2025-10-31
WJB258000798,월송3리,37.40469,127.841967,80798,2025-10-31
WJB258000799,월송3리종점,37.411191,127.83686,80799,2025-10-31
WJB258000800,송이골앞,37.461459,127.924958,80800,2025-10-31
WJB258000801,개전동,37.459773,127.924345,80801,2025-10-31
WJB258000802,개전동,37.460104,127.924191,80802,2025-10-31
WJB258000803,병골,37.456006,127.924852,80803,2025-10-31
WJB258000804,상고산,37.452335,127.927252,80804,2025-10-31
WJB258000805,고산초교,37.446992,127.928678,80805,2025-10-31
WJB258000806,지촌앞,37.435714,127.927288,80806,2025-10-31
WJB258000807,대덕리입구,37.432548,127.927588,80807,2025-10-31
WJB258000808,옥산,37.43004,127.923092,80808,2025-10-31
WJB258000809,평촌동,37.425708,127.921594,80809,2025-10-31
WJB258000810,호저중학교,37.417659,127.923279,80810,2025-10-31
WJB258000811,동막,37.466496,127.932313,80811,2025-10-31
WJB258000812,샘골다리입구,37.453066,127.932927,80812,2025-10-31
WJB258000813,광격리입구,37.448881,127.929762,80813,2025-10-31
WJB258000814,칠봉,37.440457,127.889391,80814,2025-10-31
WJB258000815,용곡리마을회관,37.451851,127.888245,80815,2025-10-31
WJB258000816,잿말,37.425543,127.938201,80816,2025-10-31
WJB251066007,느티나무정류장,37.336784,127.998741,66007,2025-10-31
WJB251066008,덕현길입구,37.343432,127.997688,66008,2025-10-31
WJB251066009,명성레미콘,37.360163,128.006294,66009,2025-10-31
WJB251066010,명성레미콘,37.36151,128.006889,66010,2025-10-31
WJB251066011,미산머리,37.348763,127.988837,66011,2025-10-31
WJB251066012,배울마을,37.339131,127.983886,66012,2025-10-31
WJB251066013,구봉대초교입구,37.335752,127.993706,66013,2025-10-31
WJB251066014,구봉대초교입구,37.335841,127.993797,66014,2025-10-31
WJB251066015,행구수변공원,37.343721,127.994469,66015,2025-10-31
WJB251066016,행구수변공원,37.343387,127.993704,66016,2025-10-31
WJB251066017,청솔골,37.35375,128.004632,66017,2025-10-31
WJB251066018,청솔골,37.354185,128.005037,66018,2025-10-31
WJB251066019,석경사입구,37.356201,128.006236,66019,2025-10-31
WJB251066020,성문사입구,37.339928,128.008567,66020,2025-10-31
WJB251066021,신월랑,37.343048,128.002093,66021,2025-10-31
WJB251066022,아래화실,37.348236,127.981204,66022,2025-10-31
WJB251066023,약수터,37.337048,128.010292,66023,2025-10-31
WJB251066024,영랑,37.339487,127.974812,66024,2025-10-31
WJB251066025,오리현마을,37.335776,127.996542,66025,2025-10-31
WJB251066026,오리현마을,37.335886,127.996877,66026,2025-10-31
WJB251066027,웃화실,37.348371,127.984319,66027,2025-10-31
WJB251066028,웃화실,37.348766,127.986441,66028,2025-10-31
WJB251066029,미래고,37.340851,128.006374,66029,2025-10-31
WJB251066030,유암마을,37.350233,127.995591,66030,2025-10-31
WJB251066031,유암마을,37.350331,127.995719,66031,2025-10-31
WJB251066032,행구현대아파트,37.34067,127.979161,66032,2025-10-31
WJB251066033,행구동유암길,37.349143,127.991756,66033,2025-10-31
WJB251066034,행구현대아파트,37.343401,127.979198,66034,2025-10-31
WJB251066035,행구현대아파트,37.340277,127.978935,66035,2025-10-31
WJB251066036,현대아파트,37.34328,127.980291,66036,2025-10-31
WJB251066037,현대아파트후문,37.339037,127.978683,66037,2025-10-31
WJB251066038,현대아파트후문,37.338932,127.978685,66038,2025-10-31
WJB251066039,황골삼거리,37.363723,128.006831,66039,2025-10-31
WJB251066040,황골삼거리,37.364483,128.007586,66040,2025-10-31
WJB251066041,효성백년가약아파트,37.34514,127.972397,66041,2025-10-31
WJB251067001,대성고등학교,37.326833,127.921822,67001,2025-10-31
WJB251067002,봉바위,37.332751,127.930132,67002,2025-10-31
WJB251067003,봉바위,37.332598,127.930297,67003,2025-10-31
WJB251067004,마장동,37.313243,127.916304,67004,2025-10-31
WJB251067005,무실e편한세상,37.338217,127.918056,67005,2025-10-31
WJB251067006,무실e편한세상아파트,37.338141,127.918217,67006,2025-10-31
WJB251067007,무실송삼마을,37.333044,127.918587,67007,2025-10-31
WJB251067008,무실주공8차아파트,37.337485,127.930912,67008,2025-10-31
WJB251067009,무실주공아파트,37.336262,127.923815,67009,2025-10-31
WJB251067010,무실주공아파트,37.336382,127.923868,67010,2025-10-31
WJB251067011,무실초등학교,37.335525,127.921347,67011,2025-10-31
WJB251067012,무실초교,37.335688,127.921101,67012,2025-10-31
WJB251067013,휴먼시아6차(원주어시장),37.335843,127.918804,67013,2025-10-31
WJB251067014,법원,37.332686,127.933431,67014,2025-10-31
WJB251067015,법원,37.333351,127.933391,67015,2025-10-31
WJB251067016,베스파타운,37.335096,127.926994,67016,2025-10-31
WJB251067017,베스파타운,37.334896,127.927036,67017,2025-10-31
WJB251067018,부영아파트,37.326621,127.829567,67018,2025-10-31
WJB251067019,세영리첼,37.330601,127.92703,67019,2025-10-31
WJB251067020,삼육초중고교,37.326775,127.922052,67020,2025-10-31
WJB251067021,새골,37.33154,127.934239,67021,2025-10-31
WJB251067022,송삼,37.332146,127.915723,67022,2025-10-31
WJB251067023,원주교도소,37.340183,127.932104,67023,2025-10-31
WJB251067024,원주시청,37.340483,127.922091,67024,2025-10-31
WJB251067025,원주시청,37.340668,127.922409,67025,2025-10-31
WJB251067026,원주시청(백운아트홀),37.340064,127.920172,67026,2025-10-31
WJB251067027,원주시청(백운아트홀),37.340543,127.920407,67027,2025-10-31
WJB251067028,이마트,37.321176,127.918279,67028,2025-10-31
WJB251067029,E-마트,37.320712,127.918254,67029,2025-10-31
WJB251067030,이화마을,37.336864,127.935188,67030,2025-10-31
WJB251067031,이화마을,37.337464,127.935359,67031,2025-10-31
WJB251067032,평원중학교,37.33882,127.936796,67032,2025-10-31
WJB251067033,한지테마공원,37.336006,127.933834,67033,2025-10-31
WJB251067034,한지테마공원,37.335765,127.934042,67034,2025-10-31
WJB251067035,합포원,37.313955,127.916006,67035,2025-10-31
WJB251067036,행가리,37.318745,127.917472,67036,2025-10-31
WJB251067037,행가리,37.318848,127.917215,67037,2025-10-31
WJB251067038,행가리,37.318068,127.915467,67038,2025-10-31
WJB251067039,휴먼시아6차(원주어시장),37.335636,127.918573,67039,2025-10-31
WJB251068001,반도유보라 마크브릿지,37.316652,127.969788,68001,2025-10-31
WJB251068002,관설동 종점,37.301907,127.981454,68002,2025-10-31
WJB251068003,관설동 차고지,37.304738,127.978452,68003,2025-10-31
WJB251068004,관설동 화훼단지,37.315242,127.971392,68004,2025-10-31
WJB251068005,관설동화훼단지,37.315089,127.971207,68005,2025-10-31
WJB251068008,대평교,37.312402,127.974118,68008,2025-10-31
WJB251068009,대평교,37.312483,127.974474,68009,2025-10-31
WJB251068010,둔지들,37.312891,127.975229,68010,2025-10-31
WJB251068011,영서고,37.311199,127.975409,68011,2025-10-31
WJB251068012,영서고등학교,37.310116,127.9765,68012,2025-10-31
WJB251068013,영서고등학교입구,37.311493,127.976027,68013,2025-10-31
WJB251068014,원주자동차운전학원,37.302223,127.981102,68014,2025-10-31
WJB251068015,청솔5차아파트,37.315395,127.964235,68015,2025-10-31
WJB251068016,청솔5차아파트,37.315911,127.963177,68016,2025-10-31
WJB251068017,청솔6.8차아파트,37.316508,127.967437,68017,2025-10-31
WJB251068018,청솔6.8차아파트,37.316583,127.967229,68018,2025-10-31
WJB258000817,대덕리,37.424479,127.939113,80817,2025-10-31
WJB258000818,대덕1리,37.430052,127.942516,80818,2025-10-31
WJB258000820,점실,37.389514,127.930385,80820,2025-10-31
WJB258000821,송호대학,37.472084,128.001366,80821,2025-10-31
WJB258000822,모평리종점,37.453526,127.964988,80822,2025-10-31
WJB258000827,정금시장,37.506556,128.104622,80827,2025-10-31
WJB258000828,정암리종점,37.461381,128.015469,80828,2025-10-31
WJB258000829,석화수련의집,37.458848,127.81091,80829,2025-10-31
WJB258000830,거실치,37.491545,127.778892,80830,2025-10-31
WJB258000831,갈풍리,37.480217,127.952783,80831,2025-10-31
WJB258000832,유치2리,37.587518,127.862901,80832,2025-10-31
WJB258000833,신배골,37.416315,128.130638,80833,2025-10-31
WJB258000834,하궁2리,37.501187,128.113764,80834,2025-10-31
WJB258000835,오원2리,37.438143,128.10166,80835,2025-10-31
WJB258000836,오원낚시터,37.438328,128.105097,80836,2025-10-31
WJB258000837,현대특수강,37.482161,128.069303,80837,2025-10-31
WJB258000838,개천마을,37.470073,128.067401,80838,2025-10-31
WJB258000839,상대리,37.460143,128.104683,80839,2025-10-31
WJB258000840,상하가리,37.47966,128.06965,80840,2025-10-31
WJB258000841,남산리마을회관,37.479055,127.999632,80841,2025-10-31
WJB258000861,병지방1리,37.601303,128.085447,80861,2025-10-31
WJB258000862,도곡리종점,37.54998,127.943955,80862,2025-10-31
WJB258000863,어둔리종점,37.594306,127.970054,80863,2025-10-31
WJB258000864,하대리종점,37.466975,128.095985,80864,2025-10-31
WJB258000865,하궁리종점,37.494424,128.125104,80865,2025-10-31
WJB258000866,계촌종점,37.48872,128.306297,80866,2025-10-31
WJB258000867,두원2리.미약골,37.494988,128.252518,80867,2025-10-31
WJB258000868,반곡지,37.474141,127.95578,80868,2025-10-31
WJB258000869,반곡정자,37.47115,127.959304,80869,2025-10-31
WJB258000870,좌운종점,37.636502,128.014747,80870,2025-10-31
WJB258000871,이염골,37.566979,128.0909,80871,2025-10-31
WJB258000872,동그라미팬션,37.438999,128.176352,80872,2025-10-31
WJB258000873,동그라미팬션,37.439031,128.176452,80873,2025-10-31
WJB258000874,새말리,37.567878,128.140715,80874,2025-10-31
WJB258000875,황골마을,37.56937,128.152096,80875,2025-10-31
WJB258000876,청용종점,37.467224,127.987457,80876,2025-10-31
WJB258000877,소구니입구,37.566854,128.137657,80877,2025-10-31
WJB258000878,동막골,37.566559,128.084363,80878,2025-10-31
WJB258000879,화전리,37.56646,128.079766,80879,2025-10-31
WJB258000880,수녀원,37.491872,127.97503,80880,2025-10-31
WJB258000881,수학정식당,37.493087,127.976795,80881,2025-10-31
WJB258000882,복면리종점,37.661363,128.135247,80882,2025-10-31
WJB258000883,횡성루지체험장,37.428561,128.108129,80883,2025-10-31
WJB258000884,상대리.웃말,37.523479,128.178447,80884,2025-10-31
WJB258000885,춘당리종점,37.622357,128.169761,80885,2025-10-31
WJB258000886,화동종점,37.576267,128.251566,80886,2025-10-31
WJB258000887,신대리종점,37.59252,128.221252,80887,2025-10-31
WJB258000888,수학정식당,37.493157,127.97671,80888,2025-10-31
WJB258000889,수녀원,37.491948,127.974938,80889,2025-10-31
WJB258000890,반곡정자,37.471173,127.959213,80890,2025-10-31
WJB258000892,청용종점,37.467109,127.987483,80892,2025-10-31
WJB258000893,횡성제일교회,37.4881,127.990259,80893,2025-10-31
WJB258000894,남산리마을회관,37.479046,127.99956,80894,2025-10-31
WJB258000895,정금마을회관,37.503117,128.104811,80895,2025-10-31
WJB258000896,하궁2리,37.501082,128.113761,80896,2025-10-31
WJB258000897,하궁2리회관,37.499339,128.119514,80897,2025-10-31
WJB258000898,하궁리종점,37.494109,128.125147,80898,2025-10-31
WJB258000899,하궁리,37.497757,128.122125,80899,2025-10-31
WJB258000900,상하가리,37.479675,128.069738,80900,2025-10-31
WJB258000901,현대특수강,37.482093,128.069403,80901,2025-10-31
WJB258000902,개천마을,37.470028,128.067482,80902,2025-10-31
WJB258000903,정금시장,37.506621,128.104497,80903,2025-10-31
WJB258000904,덕고마을,37.483536,128.041199,80904,2025-10-31
WJB258000905,덕고마을,37.483679,128.041524,80905,2025-10-31
WJB258000906,상대리종점,37.461843,128.107171,80906,2025-10-31
WJB258000907,하대리마을회관,37.457639,128.073915,80907,2025-10-31
WJB258000908,하대리마을회관,37.457692,128.073839,80908,2025-10-31
WJB258000909,하대리종점,37.467,128.095945,80909,2025-10-31
WJB258000910,한국골프대학교,37.467081,128.076037,80910,2025-10-31
WJB258000911,하대리,37.46069,128.083899,80911,2025-10-31
WJB258000912,상대리,37.460118,128.104719,80912,2025-10-31
WJB258000913,상대리다리,37.453221,128.079333,80913,2025-10-31
WJB258000916,오원2리,37.437977,128.101676,80916,2025-10-31
WJB258000917,오원낚시터,37.438089,128.104995,80917,2025-10-31
WJB258000918,줄봉입구,37.435647,128.113124,80918,2025-10-31
WJB258000919,전재마을,37.428558,128.107967,80919,2025-10-31
WJB258000920,신배골,37.416126,128.130527,80920,2025-10-31
WJB258000921,탑골,37.44553,128.071881,80921,2025-10-31
WJB258000922,치악주유소,37.441322,128.064134,80922,2025-10-31
WJB258000923,백달리,37.444428,128.070298,80923,2025-10-31
WJB258000924,백달리1반,37.443788,128.06714,80924,2025-10-31
WJB258000925,구룡자동차야영장,37.409003,128.04655,80925,2025-10-31
WJB258000926,국립공원사무소,37.414164,128.051079,80926,2025-10-31
WJB258000927,계촌보건소,37.451324,128.301328,80927,2025-10-31
WJB258000928,계촌보건소,37.451339,128.301223,80928,2025-10-31
WJB258000929,계촌종점,37.488749,128.30619,80929,2025-10-31
WJB258000930,다리골,37.409964,128.155075,80930,2025-10-31
WJB258000931,응향원,37.342667,128.169158,80931,2025-10-31
WJB258000932,태종대,37.351384,128.109779,80932,2025-10-31
WJB258000933,태종대,37.351498,128.109861,80933,2025-10-31
WJB258000934,가마골입구,37.332889,128.093534,80934,2025-10-31
WJB258000935,가마골입구,37.33295,128.093458,80935,2025-10-31
WJB251068019,치악고등학교,37.316716,127.960535,68019,2025-10-31
WJB251068020,치악고등학교,37.316891,127.959436,68020,2025-10-31
WJB251068023,현진4차아파트,37.316265,127.96148,68023,2025-10-31
WJB251068024,대한적십자사,37.323775,127.978757,68024,2025-10-31
WJB251068025,건강보험심사평가원,37.322892,127.980721,68025,2025-10-31
WJB251068026,국과수 사거리,37.328869,127.972922,68026,2025-10-31
WJB251068027,국과수 사거리,37.328891,127.973215,68027,2025-10-31
WJB251068028,단구소방파출소,37.3304,127.961797,68028,2025-10-31
WJB251068029,단구소방파출소,37.330275,127.962022,68029,2025-10-31
WJB251068030,한국광해광업공단,37.32552,127.992521,68030,2025-10-31
WJB251068031,한국광해광업공단,37.325807,127.993141,68031,2025-10-31
WJB251068032,한국도로교통공단,37.324794,127.975667,68032,2025-10-31
WJB251068033,한국도로교통공단,37.325085,127.975756,68033,2025-10-31
WJB251068034,반곡아이파크,37.335245,127.963129,68034,2025-10-31
WJB251068035,반곡아이파크정문,37.335349,127.962899,68035,2025-10-31
WJB251068036,방송통신대학,37.339057,127.969284,68036,2025-10-31
WJB251068037,방송통신대학,37.339192,127.969905,68037,2025-10-31
WJB251068038,원주보훈요양원,37.330705,127.991466,68038,2025-10-31
WJB251068039,원주보훈요양원,37.33113,127.991516,68039,2025-10-31
WJB251068040,봉대초등학교,37.332998,127.987871,68040,2025-10-31
WJB251068041,푸른숨LH9단지,37.334505,127.983931,68041,2025-10-31
WJB251068042,봉대초등학교,37.333633,127.987357,68042,2025-10-31
WJB251068043,아이파크후문,37.336858,127.964707,68043,2025-10-31
WJB251068044,반곡아이파크후문,37.336976,127.964713,68044,2025-10-31
WJB251068045,영서방송,37.327471,127.977337,68045,2025-10-31
WJB251068046,영서방송,37.32797,127.97722,68046,2025-10-31
WJB251068047,반곡중학교,37.336094,127.974184,68047,2025-10-31
WJB251068048,원주여고,37.337263,127.978708,68048,2025-10-31
WJB251068049,반곡중학교,37.336707,127.974004,68049,2025-10-31
WJB251068050,원주여고,37.335048,127.976785,68050,2025-10-31
WJB251068051,원주여고,37.335395,127.976731,68051,2025-10-31
WJB251068052,푸른숨LH10단지,37.335075,127.981561,68052,2025-10-31
WJB251068053,미리내사거리,37.325473,127.98148,68053,2025-10-31
WJB251068054,미리내사거리,37.326126,127.981297,68054,2025-10-31
WJB251068055,유만동,37.320993,127.973955,68055,2025-10-31
WJB251068056,통일아파트후문,37.33546,127.961682,68056,2025-10-31
WJB251068057,통일아파트후문,37.335072,127.961636,68057,2025-10-31
WJB251068058,푸른숨 휴브레스,37.321735,127.985778,68058,2025-10-31
WJB251068059,미래삼거리(센트럴파크6),37.327611,127.993104,68059,2025-10-31
WJB251068060,미래삼거리(센트럴파크6),37.327911,127.99351,68060,2025-10-31
WJB251068061,한국관광공사,37.322308,127.989139,68061,2025-10-31
WJB251068062,한국관광공사,37.32288,127.990882,68062,2025-10-31
WJB251068063,현대아이파크아파트,37.332407,127.961077,68063,2025-10-31
WJB251068064,현대아이파크아파트,37.332756,127.96117,68064,2025-10-31
WJB251068065,호텔인터불고,37.33253,127.973656,68065,2025-10-31
WJB251068066,원주소방서,37.334323,127.973677,68066,2025-10-31
WJB251068067,힐데스하임,37.321985,127.985763,68067,2025-10-31
WJB251068068,한촌,37.270832,127.905458,68068,2025-10-31
WJB251068069,부문재,37.251955,127.797113,68069,2025-10-31
WJB251068070,법천리,37.224129,127.776015,68070,2025-10-31
WJB251068071,벌말,37.227308,127.788244,68071,2025-10-31
WJB251068072,원주자동차운전학원,37.302319,127.980855,68072,2025-10-31
WJB251068073,관설동 종점,37.301464,127.981668,68073,2025-10-31
WJB251068074,대성암,37.26892,128.021968,68074,2025-10-31
WJB251068075,뒷담마을,37.231453,128.076315,68075,2025-10-31
WJB251068076,마지,37.238815,128.088356,68076,2025-10-31
WJB251068077,본동,37.259201,128.083109,68077,2025-10-31
WJB251068078,성황림,37.26658,128.083643,68078,2025-10-31
WJB251068079,본동,37.269987,128.082709,68079,2025-10-31
WJB251068080,윗버등,37.274351,128.080786,68080,2025-10-31
WJB251068081,미내골,37.278716,128.084797,68081,2025-10-31
WJB251068082,세교마을,37.296373,127.98865,68082,2025-10-31
WJB251068083,동화역,37.341881,127.859602,68083,2025-10-31
WJB251068084,현진종합개발,37.324789,127.834799,68084,2025-10-31
WJB251068085,농산물도매시장(푸르지오),37.355387,127.922496,68085,2025-10-31
WJB251068086,중부마을,37.341863,127.89722,68086,2025-10-31
WJB251068087,문막중고등학교,37.305097,127.815733,68087,2025-10-31
WJB251068088,신목,37.26075,128.187209,68088,2025-10-31
WJB251068089,용암3리,37.204162,128.097306,68089,2025-10-31
WJB251068090,학산리,37.199964,128.097505,68090,2025-10-31
WJB251068091,학산리,37.200324,128.097684,68091,2025-10-31
WJB251068092,신림역,37.217061,128.089894,68092,2025-10-31
WJB251068093,용암리,37.213873,128.091396,68093,2025-10-31
WJB251068094,원주경찰서,37.348188,127.956624,68094,2025-10-31
WJB251068095,문막소방서,37.303584,127.814931,68095,2025-10-31
WJB251068096,문막소방서,37.303507,127.815168,68096,2025-10-31
WJB251068097,문막시장,37.305812,127.816323,68097,2025-10-31
WJB251068098,남송,37.317954,127.938509,68098,2025-10-31
WJB251068099,흥업사거리,37.303087,127.918706,68099,2025-10-31
WJB251068100,석동종점,37.212038,128.055294,68100,2025-10-31
WJB251068101,방학동,37.210695,128.062269,68101,2025-10-31
WJB251068102,부영아파트사거리,37.331334,127.92498,68102,2025-10-31
WJB251068105,용암2리,37.179099,127.835018,68105,2025-10-31
WJB251068106,욕골,37.163489,127.87718,68106,2025-10-31
WJB251068107,작실 마을회관,37.163989,127.790816,68107,2025-10-31
WJB251068108,웃작실,37.168727,127.794421,68108,2025-10-31
WJB251068109,거장아파트,37.332589,127.888334,68109,2025-10-31
WJB251068110,중방곡,37.184483,127.746168,68110,2025-10-31
WJB251068111,중방곡,37.184528,127.746286,68111,2025-10-31
WJB251068112,서운,37.179467,127.748072,68112,2025-10-31
WJB258000936,매일리,37.559572,128.110354,80936,2025-10-31
WJB258000937,매일리,37.559639,128.110234,80937,2025-10-31
WJB258000938,아홉사리,37.543718,128.152798,80938,2025-10-31
WJB258000939,아홉사리,37.543809,128.152847,80939,2025-10-31
WJB258000941,화전리,37.566315,128.079756,80941,2025-10-31
WJB258000942,동막골,37.566461,128.084357,80942,2025-10-31
WJB258000943,이염골,37.566823,128.090851,80943,2025-10-31
WJB258000944,농업기술센터,37.529137,127.961108,80944,2025-10-31
WJB258000945,소구니입구,37.566743,128.137655,80945,2025-10-31
WJB258000946,새말리,37.567828,128.140748,80946,2025-10-31
WJB258000947,황골마을,37.569278,128.152119,80947,2025-10-31
WJB258000948,북넘이골,37.564714,128.187911,80948,2025-10-31
WJB258000949,북넘이골,37.564788,128.188141,80949,2025-10-31
WJB258000950,주막거리,37.62781,128.146994,80950,2025-10-31
WJB258000951,주막거리,37.627857,128.146746,80951,2025-10-31
WJB258000952,춘당초등학교,37.630146,128.145085,80952,2025-10-31
WJB258000953,춘당초등학교,37.630025,128.144988,80953,2025-10-31
WJB258000954,사슬항,37.632852,128.135048,80954,2025-10-31
WJB258000955,사슬항,37.632792,128.134971,80955,2025-10-31
WJB258000956,화랑대,37.639857,128.139254,80956,2025-10-31
WJB258000957,화랑대,37.639903,128.139159,80957,2025-10-31
WJB258000958,법무리,37.648817,128.143211,80958,2025-10-31
WJB258000959,법무리,37.648749,128.143067,80959,2025-10-31
WJB258000960,횡성군경계,37.582619,127.891007,80960,2025-10-31
WJB258000961,유치2리,37.587429,127.862826,80961,2025-10-31
WJB258000962,오지올,37.588181,127.860053,80962,2025-10-31
WJB258000963,내공근삼거리,37.568927,127.966484,80963,2025-10-31
WJB258000968,원터,37.528309,127.920436,80968,2025-10-31
WJB258000969,석화삼거리,37.523837,127.807022,80969,2025-10-31
WJB258000970,석화삼거리,37.523684,127.80748,80970,2025-10-31
WJB258000971,원터,37.528451,127.920487,80971,2025-10-31
WJB258000972,앞들,37.464767,127.838288,80972,2025-10-31
WJB258000973,앞들,37.464695,127.838163,80973,2025-10-31
WJB258000974,횡성중고교,37.484547,127.982959,80974,2025-10-31
WJB258000975,청용낚시터,37.467555,127.984615,80975,2025-10-31
WJB258000976,횡성종합운동장,37.495463,127.986617,80976,2025-10-31
WJB258000977,횡성종합운동장,37.495706,127.986618,80977,2025-10-31
WJB258000978,대동여중,37.491122,127.98337,80978,2025-10-31
WJB258000979,자포1리,37.511424,128.220592,80979,2025-10-31
WJB258000980,자포1리,37.511576,128.220574,80980,2025-10-31
WJB258000981,청태산팬션타운,37.51947,128.255793,80981,2025-10-31
WJB258000982,청태산팬션타운,37.519638,128.255756,80982,2025-10-31
WJB258000983,자포곡리삼밭,37.516651,128.247484,80983,2025-10-31
WJB258000984,자포곡리삼밭,37.516728,128.247428,80984,2025-10-31
WJB258000985,산채마을,37.531042,128.240205,80985,2025-10-31
WJB258000986,산채마을,37.531012,128.240119,80986,2025-10-31
WJB258000989,주점촌,37.468589,128.197216,80989,2025-10-31
WJB258000990,주점촌,37.468651,128.197083,80990,2025-10-31
WJB258000991,둔내119안전센터,37.506343,128.212694,80991,2025-10-31
WJB258000992,둔내119안전센터,37.506374,128.212561,80992,2025-10-31
WJB258000993,둔내초등학교,37.512464,128.215747,80993,2025-10-31
WJB258000994,둔내초등학교,37.512616,128.215748,80994,2025-10-31
WJB258000995,말등바위,37.500541,128.210865,80995,2025-10-31
WJB258000996,말등바위,37.500526,128.210989,80996,2025-10-31
WJB258000997,자포곡리사거리,37.511723,128.22503,80997,2025-10-31
WJB258000998,자포곡리사거리,37.511797,128.225031,80998,2025-10-31
WJB258000999,지둔지,37.504644,128.228433,80999,2025-10-31
WJB258001000,지둔지,37.504689,128.228567,81000,2025-10-31
WJB258001002,추동삼거리,37.564309,128.03701,81002,2025-10-31
WJB258001003,상대리마을회관,37.450603,128.084729,81003,2025-10-31
WJB258001004,며낙골,37.450266,128.094739,81004,2025-10-31
WJB258001005,횡성제일교회,37.487981,127.990228,81005,2025-10-31
WJB258001006,정금마을회관,37.503213,128.10475,81006,2025-10-31
WJB258001007,정금초교,37.504843,128.103824,81007,2025-10-31
WJB258001008,정금리,37.503466,128.102993,81008,2025-10-31
WJB258001009,농업기술센터,37.529193,127.96074,81009,2025-10-31
WJB258001010,둔내버스터미널,37.513255,128.212588,81010,2025-10-31
WJB258001011,둔내버스터미널,37.513717,128.213249,81011,2025-10-31
WJB258001012,둔내버스터미널,37.513357,128.21359,81012,2025-10-31
WJB258001013,둔내버스터미널,37.513239,128.21353,81013,2025-10-31
WJB258001014,둔내버스터미널,37.513152,128.212649,81014,2025-10-31
WJB258001015,상동리2,37.625883,127.992104,81015,2025-10-31
WJB258001016,우천주유소,37.472457,128.050387,81016,2025-10-31
WJB258001017,우천주유소,37.472544,128.049457,81017,2025-10-31
WJB258001018,안흥2리,37.414255,128.131421,81018,2025-10-31
WJB258001019,안흥2리,37.414382,128.13163,81019,2025-10-31
WJB258001020,통골,37.451468,128.118103,81020,2025-10-31
WJB258001021,통골,37.451498,128.117925,81021,2025-10-31
WJB258001022,봉덕사거리,37.573689,128.173617,81022,2025-10-31
WJB258001023,내추동,37.484557,128.033899,81023,2025-10-31
WJB258001024,내추동,37.484671,128.033844,81024,2025-10-31
WJB258001025,월송3리종점,37.410566,127.837356,81025,2025-10-31
WJB258001026,만세공원(구축협),37.488952,127.986095,81026,2025-10-31
WJB258001027,횡성중고교,37.48464,127.98278,81027,2025-10-31
WJB258001028,농공단지,37.471686,127.977609,81028,2025-10-31
WJB258001029,농공단지,37.47224,127.978032,81029,2025-10-31
WJB258001030,묵계리,37.466136,127.974396,81030,2025-10-31
WJB258001031,묵계리,37.466161,127.974117,81031,2025-10-31
WJB258001032,삼일광장,37.489336,127.986035,81032,2025-10-31
WJB258001033,삼일광장,37.489885,127.985853,81033,2025-10-31
WJB258001034,횡성시외버스터미널,37.487175,127.984786,81034,2025-10-31
WJB258001310,병지방오토캠핑장,37.595267,128.057584,81310,2025-10-31
WJB258001311,병지방오토캠핑장,37.59527,128.057471,81311,2025-10-31
WJB258001312,석화교,37.479936,127.837427,81312,2025-10-31
WJB258001313,조항리,37.475668,128.213695,81313,2025-10-31
WJB258001314,조항리,37.475605,128.213614,81314,2025-10-31
WJB258001315,조항1리마을회관,37.47599,128.202801,81315,2025-10-31
WJB258001316,조항1리마을회관,37.476053,128.202857,81316,2025-10-31
WJB258001317,반곡저수지,37.473666,127.950778,81317,2025-10-31
WJB258001318,둔내버스정류장,37.511766,128.211617,81318,2025-10-31
WJB258001319,코아루2차아파트,37.484741,127.974242,81319,2025-10-31
WJB258001320,코아루1차아파트,37.48365,127.97942,81320,2025-10-31
WJB259000001,마수동,37.269589,128.252993,90001,2025-10-31
WJB259000002,새하늘교회앞,37.298131,128.189165,90002,2025-10-31
WJB259000003,두덕동,37.308581,128.190411,90003,2025-10-31
WJB259000004,두덕골,37.311488,128.188638,90004,2025-10-31
WJB259000005,두산샘터,37.31338,128.188535,90005,2025-10-31
WJB259000006,솔밭,37.318017,128.190071,90006,2025-10-31
WJB259000007,운학1리,37.326405,128.190424,90007,2025-10-31
WJB259000008,(구)운학분교앞,37.330032,128.190847,90008,2025-10-31
WJB259000009,운학2리,37.350233,128.198372,90009,2025-10-31
WJB259000010,능산골,37.35333,128.193539,90010,2025-10-31
WJB259000011,운학리,37.36515,128.189666,90011,2025-10-31
WJB259000012,운학3리,37.373253,128.189557,90012,2025-10-31
WJB259000013,신일4리,37.267502,128.239516,90013,2025-10-31
WJB259000014,신흥마을입구,37.271319,128.246958,90014,2025-10-31
WJB259000015,주천입구,37.265131,128.264356,90015,2025-10-31
WJB259000016,주천입구,37.265181,128.264248,90016,2025-10-31
WJB259000017,주천초중고앞,37.271198,128.268319,90017,2025-10-31
WJB259000018,주천버스정류장,37.272388,128.270082,90018,2025-10-31
WJB259000019,주천버스정류장,37.271939,128.269437,90019,2025-10-31
WJB259000020,주천초중고앞,37.271043,128.268554,90020,2025-10-31
WJB259000021,주천입구,37.266044,128.267358,90021,2025-10-31
WJB259000022,주천입구,37.265946,128.267582,90022,2025-10-31
WJB259000023,주천사거리,37.269629,128.269173,90023,2025-10-31
WJB259000024,주천사거리,37.26976,128.269303,90024,2025-10-31
WJB259000025,마수동,37.269751,128.252958,90025,2025-10-31
WJB259000026,신일4리,37.267607,128.239478,90026,2025-10-31
WJB259000027,신흥마을입구,37.271185,128.246953,90027,2025-10-31
WJB259000028,(구)운학분교앞,37.330056,128.190714,90028,2025-10-31
WJB259000029,능산골,37.353261,128.193542,90029,2025-10-31
WJB259000030,두덕골,37.311446,128.188541,90030,2025-10-31
WJB259000031,두덕동,37.308553,128.190297,90031,2025-10-31
WJB259000032,두산샘터,37.313423,128.188397,90032,2025-10-31
WJB259000033,새하늘교회앞,37.298178,128.18903,90033,2025-10-31
WJB259000034,솔밭,37.317986,128.189947,90034,2025-10-31
WJB259000035,운학1리,37.326465,128.190281,90035,2025-10-31
WJB259000036,운학2리,37.350226,128.198466,90036,2025-10-31
WJB259000037,운학3리,37.372646,128.189495,90037,2025-10-31
WJB259000038,운학리,37.365156,128.189776,90038,2025-10-31
WJB259000039,주천농협,37.269498,128.266794,90039,2025-10-31
WJB259000040,주천농협앞,37.269248,128.266359,90040,2025-10-31
WJB272000001,검단,37.194035,127.740904,91001,2025-10-31
WJB272000002,만락,37.186905,127.744276,91002,2025-10-31
WJB272000003,의암,37.196218,127.741316,91003,2025-10-31
WJB258001218,정지들,37.46432,128.157514,81218,2025-10-31
WJB258001219,소사리,37.464464,128.164286,81219,2025-10-31
WJB258001220,소사리,37.46445,128.164111,81220,2025-10-31
WJB258001221,소사3리,37.461797,128.177782,81221,2025-10-31
WJB258001222,소사3리,37.461906,128.177891,81222,2025-10-31
WJB258001223,새목재,37.484377,128.20125,81223,2025-10-31
WJB258001224,새목재,37.484412,128.201164,81224,2025-10-31
WJB258001225,정금쉼터,37.50326,128.103065,81225,2025-10-31
WJB258001226,정금쉼터,37.50317,128.102763,81226,2025-10-31
WJB258001227,정금초교,37.505077,128.103826,81227,2025-10-31
WJB258001228,구렁말,37.507265,128.106238,81228,2025-10-31
WJB258001229,구렁말,37.507398,128.10624,81229,2025-10-31
WJB258001230,발화동,37.508419,128.110966,81230,2025-10-31
WJB258001231,발화동,37.508488,128.111026,81231,2025-10-31
WJB258001232,하궁2리,37.508225,128.118814,81232,2025-10-31
WJB258001233,하궁2리,37.508655,128.117733,81233,2025-10-31
WJB258001234,하궁리,37.507014,128.121619,81234,2025-10-31
WJB258001235,하궁리,37.506456,128.122816,81235,2025-10-31
WJB258001236,상울둔,37.506154,128.130655,81236,2025-10-31
WJB258001237,상울둔,37.506232,128.13092,81237,2025-10-31
WJB258001238,궁종리,37.501237,128.145601,81238,2025-10-31
WJB258001239,궁종리,37.500902,128.14624,81239,2025-10-31
WJB258001240,황고개,37.493648,128.148099,81240,2025-10-31
WJB258001241,황고개,37.492769,128.149578,81241,2025-10-31
WJB258001242,마암리,37.543932,128.2125,81242,2025-10-31
WJB258001243,마암리,37.543972,128.212361,81243,2025-10-31
WJB258001244,상마암,37.558101,128.220065,81244,2025-10-31
WJB258001245,상마암,37.558188,128.219982,81245,2025-10-31
WJB258001246,화랑골,37.56075,128.221852,81246,2025-10-31
WJB258001247,화랑골,37.560779,128.221713,81247,2025-10-31
WJB258001248,화동1리경로당,37.563712,128.224138,81248,2025-10-31
WJB258001249,화동1리경로당,37.563984,128.224262,81249,2025-10-31
WJB258001250,화동보건소,37.567574,128.228358,81250,2025-10-31
WJB258001251,화동보건소,37.567607,128.228218,81251,2025-10-31
WJB258001252,화동2리마을회관,37.571832,128.237501,81252,2025-10-31
WJB258001253,화동2리마을회관,37.571993,128.237562,81253,2025-10-31
WJB258001254,읍하3리,37.48652,127.975443,81254,2025-10-31
WJB258001255,읍하3리,37.486293,127.975161,81255,2025-10-31
WJB258001256,횡성문화체육공원,37.490343,127.975665,81256,2025-10-31
WJB258001257,횡성문화체육공원,37.490395,127.975497,81257,2025-10-31
WJB258001258,대동여중,37.491295,127.979268,81258,2025-10-31
WJB258001259,대동여중,37.491233,127.980013,81259,2025-10-31
WJB258001260,급식지원센터,37.489526,127.982753,81260,2025-10-31
WJB258001261,급식지원센터,37.489721,127.982924,81261,2025-10-31
WJB258001262,섬강테니스장,37.495663,127.983673,81262,2025-10-31
WJB258001263,섬강테니스장,37.495523,127.983668,81263,2025-10-31
WJB258001264,횡성실내체육관,37.496686,127.989591,81264,2025-10-31
WJB258001265,횡성축협,37.483615,127.980652,81265,2025-10-31
WJB258001266,횡성축협,37.483542,127.980646,81266,2025-10-31
WJB258001267,서도2차아파트,37.479852,127.981994,81267,2025-10-31
WJB258001268,횡성역(횡성방향),37.483539,128.01043,81268,2025-10-31
WJB258001269,횡성역(정암리방향),37.48357,128.010385,81269,2025-10-31
WJB258001270,안산교,37.468666,128.025204,81270,2025-10-31
WJB258001271,안산교,37.468716,128.025236,81271,2025-10-31
WJB258001272,잣나무골,37.45269,128.036129,81272,2025-10-31
WJB258001273,잣나무골,37.4527,128.036051,81273,2025-10-31
WJB258001274,법주리,37.449551,128.043169,81274,2025-10-31
WJB258001275,법주리,37.449605,128.043181,81275,2025-10-31
WJB258001276,법주리마을회관,37.452279,128.050793,81276,2025-10-31
WJB258001277,법주리마을회관,37.452264,128.050904,81277,2025-10-31
WJB258001278,법주리(빠라골),37.446688,128.053094,81278,2025-10-31
WJB258001279,법주리(빠라골),37.446743,128.053145,81279,2025-10-31
WJB258001280,둔내역,37.510583,128.222246,81280,2025-10-31
WJB258001281,둔내역,37.510576,128.222207,81281,2025-10-31
WJB258001282,양적리,37.467169,128.057091,81282,2025-10-31
WJB258001283,양적리,37.466319,128.057539,81283,2025-10-31
WJB258001284,횡성시외버스터미널,37.487294,127.983797,81284,2025-10-31
WJB258001285,굴아우,37.630061,128.146844,81285,2025-10-31
WJB258001286,굴아우,37.630054,128.14701,81286,2025-10-31
WJB258001287,화전골,37.635394,128.147871,81287,2025-10-31
WJB258001288,화전골,37.635446,128.148012,81288,2025-10-31
WJB258001289,국사랑,37.639581,128.149381,81289,2025-10-31
WJB258001290,국사랑,37.639703,128.149332,81290,2025-10-31
WJB258001291,속실리마을회관,37.641703,128.155201,81291,2025-10-31
WJB258001292,속실리마을회관,37.641606,128.15531,81292,2025-10-31
WJB258001293,청일면,37.583793,128.153479,81293,2025-10-31
WJB258001294,횡성종합운동장,37.496901,127.986162,81294,2025-10-31
WJB258001295,횡성댐입구,37.541898,128.038626,81295,2025-10-31
WJB258001296,입석리,37.477801,127.980179,81296,2025-10-31
WJB258001297,묵계농공단지,37.472582,127.982756,81297,2025-10-31
WJB258001298,횡성IT밸리,37.527305,127.915238,81298,2025-10-31
WJB258001299,옥동리,37.512152,128.029748,81299,2025-10-31
WJB258001300,옥동리,37.512168,128.029849,81300,2025-10-31
WJB258001301,새절골,37.506952,128.032543,81301,2025-10-31
WJB258001302,새절골,37.506973,128.032445,81302,2025-10-31
WJB258001303,백인벌저수지,37.586495,127.97579,81303,2025-10-31
WJB258001304,백인벌저수지,37.586526,127.975686,81304,2025-10-31
WJB258001305,석화교,37.479957,127.837267,81305,2025-10-31
WJB258001306,영영포교차로,37.490356,128.044509,81306,2025-10-31
WJB258001307,영영포교차로,37.4905,128.044466,81307,2025-10-31
WJB258001308,사발소,37.569681,128.040125,81308,2025-10-31
WJB258001309,사발소,37.569682,128.040034,81309,2025-10-31
